srcclass	src	home	target	tgtclass	pos	context
LIVE-STUB	5.5	INTENT.md:266	B27	LIVE-B	92	5. **Hardcoding keyed on `englishName`** — ~~**AUDITED + KEY-DESIGNED (2026-07-22, §11.73 = B27 steps 1–2); emit/consume → B25/B24**~~ **SUPERSEDED IN ITS MECHANISM 2026-08-29 (F47, §11.163(c)): the whole B27 Tier-A/Tier-B program LANDED (§11.91/§11.107/§11.118) and this row's own mechanism sen
LIVE-STUB	5.5	INTENT.md:266	B25	ARCHIVED	123	5. **Hardcoding keyed on `englishName`** — ~~**AUDITED + KEY-DESIGNED (2026-07-22, §11.73 = B27 steps 1–2); emit/consume → B25/B24**~~ **SUPERSEDED IN ITS MECHANISM 2026-08-29 (F47, §11.163(c)): the whole B27 Tier-A/Tier-B program LANDED (§11.91/§11.107/§11.118) and this row's own mechanism sentence is FALSE at source — a §5
LIVE-STUB	5.5	INTENT.md:266	B24	LIVE-B	127	5. **Hardcoding keyed on `englishName`** — ~~**AUDITED + KEY-DESIGNED (2026-07-22, §11.73 = B27 steps 1–2); emit/consume → B25/B24**~~ **SUPERSEDED IN ITS MECHANISM 2026-08-29 (F47, §11.163(c)): the whole B27 Tier-A/Tier-B program LANDED (§11.91/§11.107/§11.118) and this row's own mechanism sentence is FALSE at source — a §5-row
LIVE-STUB	5.5	INTENT.md:266	B27	LIVE-B	205	Hardcoding keyed on `englishName`** — ~~**AUDITED + KEY-DESIGNED (2026-07-22, §11.73 = B27 steps 1–2); emit/consume → B25/B24**~~ **SUPERSEDED IN ITS MECHANISM 2026-08-29 (F47, §11.163(c)): the whole B27 Tier-A/Tier-B program LANDED (§11.91/§11.107/§11.118) and this row's own mechanism sentence is FALSE at source — a §5-row-stale-against-its-§13-row inversion. CLOSE-CANDIDATE proposed; residual survi
LIVE-STUB	5.5	INTENT.md:266	B5	LIVE-B	431	LANDED (§11.91/§11.107/§11.118) and this row's own mechanism sentence is FALSE at source — a §5-row-stale-against-its-§13-row inversion. CLOSE-CANDIDATE proposed; residual survivors are old-path (→S8/B5/§5.98, whose site is this row's F1) or `type`-keyed (SUSPENDED on B27). **CLOSED at F47 acceptance [fable 2026-08-29]: retire-with-old per convention, every survivor already homed (S8/B5/§5.98/B27); 
LIVE-STUB	5.5	INTENT.md:266	B27	LIVE-B	500	 is FALSE at source — a §5-row-stale-against-its-§13-row inversion. CLOSE-CANDIDATE proposed; residual survivors are old-path (→S8/B5/§5.98, whose site is this row's F1) or `type`-keyed (SUSPENDED on B27). **CLOSED at F47 acceptance [fable 2026-08-29]: retire-with-old per convention, every survivor already homed (S8/B5/§5.98/B27); reopening criterion = a new-path `englishName` sniff after `d6aec251`.
LIVE-STUB	5.5	INTENT.md:266	B5	LIVE-B	618	ld-path (→S8/B5/§5.98, whose site is this row's F1) or `type`-keyed (SUSPENDED on B27). **CLOSED at F47 acceptance [fable 2026-08-29]: retire-with-old per convention, every survivor already homed (S8/B5/§5.98/B27); reopening criterion = a new-path `englishName` sniff after `d6aec251`.**** […] → INTENT/5.5.md
LIVE-STUB	5.5	INTENT.md:266	B27	LIVE-B	627	→S8/B5/§5.98, whose site is this row's F1) or `type`-keyed (SUSPENDED on B27). **CLOSED at F47 acceptance [fable 2026-08-29]: retire-with-old per convention, every survivor already homed (S8/B5/§5.98/B27); reopening criterion = a new-path `englishName` sniff after `d6aec251`.**** […] → INTENT/5.5.md
LIVE-STUB	5.18	INTENT.md:271	B10	LIVE-B	78	18. **Observer stuck at height 0, unable to take off** — **MECHANISM FIXED by B10 (2026-07-22, §11.71); TWO-constants structure ratified [D12 §11.79(f)]; floor VALUE (feel-test) suspended for Vixy.** […] → INTENT/5.18.md
LIVE-STUB	5.19	INTENT.md:273	B9	ARCHIVED	91	19. **RA/DE convention divergence at the ModularObject surface** — **OPEN, out-of-scope of B9 (found by it, 2026-07-22, §11.60(h))** […] → INTENT/5.19.md
LIVE-STUB	5.20	INTENT.md:275	B24	LIVE-B	100	20. **`linearOrbit` lerp weights SWAPPED** — **OPEN, dead code, do-NOT-register-as-is (found by the B24 composition inventory, 2026-07-22, §11.78(c))** **[RE-VERIFIED UNCHANGED 2026-08-29, F47 §11.163(b): citation exact; NO construction site on EITHER path (absent from `modules.cpp:45-68`, no `protosys
LIVE-STUB	5.25	INTENT.md:282	B14	LIVE-B	225	period` is float32 ⇒ ≤~0.13°/decade live meridian drift on fast rotators (data exact, engine field-type; both paths, parity-neutral; D8-borderline on query channels — Vixy's eye)** — **OPEN (found by B14-periode 2026-07-23, §11.88(d))** […] → INTENT/5.25.md
LIVE-STUB	5.26	INTENT.md:284	B17	LIVE-B	86	26. **`set heading` old/new semantic desync (S6 command-seam parity class; exposed by B17's offset, pre-existing; heading=0 regime clean)** — ~~**OPEN (2026-07-24, §11.92(e); candidate for the next command-surface sweep)**~~ **SWEPT 2026-07-25 (F4, §11.108(c)) — THE ROW'S OWN OBSERVABLE I
LIVE-STUB	5.26	INTENT.md:284	B17	LIVE-B	373	; candidate for the next command-surface sweep)**~~ **SWEPT 2026-07-25 (F4, §11.108(c)) — THE ROW'S OWN OBSERVABLE IS REFUTED AT SOURCE-OF-TRUTH, the row STAYS OPEN on a different half.** Measured on B17's own scene: `set heading 0` with the offset active = **129 px>32** against a 130 px natural baseline (the recorded 11583 px does not reproduce), `set heading 30` with the offset OFF = **100 px**, af
LIVE-STUB	5.26	INTENT.md:284	A38	CLOSED-PTR	1157	ciding it. The live half is now the REFERENCE-SWITCH ROLL (new holds the whole orientation, old rebuilds it from the mount: −6.16°/−6.49°, 39090/872 px, re-synced by any absolute heading command) → **A38 / D28** — **ANSWERED [vixy 2026-07-26, D28 → §11.113(g); A38 CLOSED]: option (a), the new path KEEPS holding the whole orientation** (old's roll rebuild is a mount convention, not a physical fact, so
LIVE-STUB	5.26	INTENT.md:284	A38	CLOSED-PTR	1218	w holds the whole orientation, old rebuilds it from the mount: −6.16°/−6.49°, 39090/872 px, re-synced by any absolute heading command) → **A38 / D28** — **ANSWERED [vixy 2026-07-26, D28 → §11.113(g); A38 CLOSED]: option (a), the new path KEEPS holding the whole orientation** (old's roll rebuild is a mount convention, not a physical fact, so §11.52(b) does not bind). The roll divergence therefore stop
LIVE-STUB	5.26	INTENT.md:284	B33	LIVE-B	1594	l divergence therefore stops being a defect and becomes the intended behaviour; what remains of this row is (1) the §11.92(d) suspended coupling on the heading≠0 × offset≠0 leg and (2) the READOUT (**B33**) — `getHeading` still reports the old path's number, which is what `set heading 0`, the standing remedy for the accumulating tilt, computes from. […] → INTENT/5.26.md
LIVE-STUB	5.27	INTENT.md:286	B15	LIVE-B	1121	ther "displayed" nor "physical" but HISTORICAL ⇒ BOTH D21 options require a change and neither can be chosen against today's behaviour as a baseline; it is the 4th instance of the closed latch class (B15/B19/B32); and the leak runs the wrong way — `ModularBody.hpp:193` states "Just visual scaling" yet a display flag sets PHYSICAL position (D8 violation on the script channel), which §2(a)'s two-layer 
LIVE-STUB	5.27	INTENT.md:286	B19	ARCHIVED	1125	 "displayed" nor "physical" but HISTORICAL ⇒ BOTH D21 options require a change and neither can be chosen against today's behaviour as a baseline; it is the 4th instance of the closed latch class (B15/B19/B32); and the leak runs the wrong way — `ModularBody.hpp:193` states "Just visual scaling" yet a display flag sets PHYSICAL position (D8 violation on the script channel), which §2(a)'s two-layer rule
LIVE-STUB	5.27	INTENT.md:286	B32	ARCHIVED	1129	splayed" nor "physical" but HISTORICAL ⇒ BOTH D21 options require a change and neither can be chosen against today's behaviour as a baseline; it is the 4th instance of the closed latch class (B15/B19/B32); and the leak runs the wrong way — `ModularBody.hpp:193` states "Just visual scaling" yet a display flag sets PHYSICAL position (D8 violation on the script channel), which §2(a)'s two-layer rule alr
LIVE-STUB	5.27	INTENT.md:286	B15	LIVE-B	2249	must carry into the fix, each with its veto point at §11.149(c): **the load-time `altStart` latch dies by implication** (a baked constant cannot inherit a 5 s `ASmooth` ramp — the 4th instance of the B15/B19/B32 class, pre-empted by §11.113(c)); ***"visually identical to unscaled"* is an ACCEPTANCE CRITERION**, read as a uniform dilation of the parent's surface neighbourhood — child placement AND ext
LIVE-STUB	5.27	INTENT.md:286	B19	ARCHIVED	2253	 carry into the fix, each with its veto point at §11.149(c): **the load-time `altStart` latch dies by implication** (a baked constant cannot inherit a 5 s `ASmooth` ramp — the 4th instance of the B15/B19/B32 class, pre-empted by §11.113(c)); ***"visually identical to unscaled"* is an ACCEPTANCE CRITERION**, read as a uniform dilation of the parent's surface neighbourhood — child placement AND extent 
LIVE-STUB	5.27	INTENT.md:286	B32	ARCHIVED	2257	ry into the fix, each with its veto point at §11.149(c): **the load-time `altStart` latch dies by implication** (a baked constant cannot inherit a 5 s `ASmooth` ramp — the 4th instance of the B15/B19/B32 class, pre-empted by §11.113(c)); ***"visually identical to unscaled"* is an ACCEPTANCE CRITERION**, read as a uniform dilation of the parent's surface neighbourhood — child placement AND extent — wi
LIVE-STUB	5.27	INTENT.md:286	B31	LIVE-B	2930	y — record and suspend if the fix forces it). *"shadow received and casted"* is explicit ⇒ shadow geometry reads UNSCALED radii, magnitudes measured before/after. Also unblocked by the same answer: **B31's T3** and the retirement-or-argument of the harness-wide `flag moon_scaled off` workaround.]** **[CLOSED 2026-08-26 — F39, §11.152, code `8c2cbf61`.** MODEL: the `SurfacePointOrbit` latch is dead, t
LIVE-STUB	5.28	INTENT.md:288	B14	LIVE-B	650	NT/5.28.md **[ID-REUSE NOTE 2026-08-30, §11.179(i)(M4) (F59, supervisor-enacted): §5.28 names TWO defects — this row (Translator, minted 2026-08-04) and the RETIRED §5.28 at `INTENT/archive/5.28.md` (B14 `rot_pole_w0` 90° axis defect, decision A33's referent). The 2026-08-04 mint read "next free" off the LIVE register only; archived numbers are RETIRED, never free (header archival note amended same d
LIVE-STUB	5.28	INTENT.md:288	A33	CLOSED-PTR	694	179(i)(M4) (F59, supervisor-enacted): §5.28 names TWO defects — this row (Translator, minted 2026-08-04) and the RETIRED §5.28 at `INTENT/archive/5.28.md` (B14 `rot_pole_w0` 90° axis defect, decision A33's referent). The 2026-08-04 mint read "next free" off the LIVE register only; archived numbers are RETIRED, never free (header archival note amended same day). Resolution-in-place: neither renumbered
LIVE-STUB	5.32	INTENT.md:294	B15	LIVE-B	753	ticPos` it derives from.** — **OPEN (found 2026-07-24, §11.101(d); one fix — recompute the reference's spin+reach at the top of `Camera::update` — closes spin, longitude and the reference half of the B15 residual; existing gates blind by construction)** **[ANNOTATED 2026-07-25, F4 §11.108(e) — FIRST MEASURED OBSERVABLE OF THIS CLASS, and it adds a consumer the row did not list.** `Camera::descend` (`
LIVE-STUB	5.32	INTENT.md:294	B35	LIVE-B	3455	ommon path perturbs a currently-exact value with float noise and the far case has no measured observable. **Also recorded**: the row's `setBoundToSurface` longitude conversion has NO runtime channel (B35's config-only class, sole caller `ssystem_factory.cpp:155`), so that pair is not traversable from any §2(c) channel — what is measurable, and what the conversion consumes, is the spin value itself.]*
LIVE-STUB	5.34	INTENT.md:297	B24	LIVE-B	408	 Pre-existing and already live on the OLD path: a STAR selection leaks its refcounted `StarWrapperBase` on every subsequent selection change (the wrapper self-deletes at zero and never reaches zero). B24-select adds a second instance of the class — each composed-body selection leaks one `ModularObject` (~24 B) **plus a permanent entry in the static `ModularBodyPtr::ref` vector**, which is scanned on 
LIVE-STUB	5.36	INTENT.md:301	B38	LIVE-B	582	e` leaves `argAction` empty, falls through to `Utility::isTrue("toggle") == false` and calls `playerSetShowSubtitles(false)`. — **OPEN (found by the F4 command-grammar census 2026-07-25, §11.108(k) / B38; NOT fixed although the fix is one word: its counterfactual is not observable on this host — `~/.spacecrafter/videos` is empty and the subtitle state has no readout on any control channel — and an un
LIVE-STUB	5.41	INTENT.md:307	B31	LIVE-B	1276	default ostream precision**, so the session's JD **2461247.34443** came back as `time 2.46125e+06` = **2461250** — a **2.66-day error** with a **10-day** round-trip resolution. — **OPEN (found by the B31 design pass 2026-07-25, §11.110(d); NOT fixed: the prefix is a one-line fix but the surface is a user-visible command whose repair makes a previously-dead path live, and the precision half changes th
LIVE-STUB	5.41	INTENT.md:307	B31	LIVE-B	1540	 a one-line fix but the surface is a user-visible command whose repair makes a previously-dead path live, and the precision half changes the file's format; both belong in a wave that can verify them. B31's design (§3.4(d)) requires this surface to be re-expressed on the session serializer rather than extended.) **[CONVERGENCE 2026-08-04: the scedit sweep (unit 4), reading blind of this row, rediscove
LIVE-STUB	5.41	INTENT.md:307	B31	LIVE-B	2445	er/anchors` still does not exist ⇒ the command still always fails as shipped. `CameraAnchors.hpp:91` records that `saveCameraPosition` deliberately STAYS the old `AnchorManager`'s, per this row + the B31 rule. **T1 — B31-gated**: B31 §3.4(d) requires re-expression on the session serializer, not a prefix patch. BOTH-PATHS ⇒ not a T0 transparency hole.]**
LIVE-STUB	5.41	INTENT.md:307	B31	LIVE-B	2462	 does not exist ⇒ the command still always fails as shipped. `CameraAnchors.hpp:91` records that `saveCameraPosition` deliberately STAYS the old `AnchorManager`'s, per this row + the B31 rule. **T1 — B31-gated**: B31 §3.4(d) requires re-expression on the session serializer, not a prefix patch. BOTH-PATHS ⇒ not a T0 transparency hole.]**
LIVE-STUB	5.41	INTENT.md:307	B31	LIVE-B	2475	st ⇒ the command still always fails as shipped. `CameraAnchors.hpp:91` records that `saveCameraPosition` deliberately STAYS the old `AnchorManager`'s, per this row + the B31 rule. **T1 — B31-gated**: B31 §3.4(d) requires re-expression on the session serializer, not a prefix patch. BOTH-PATHS ⇒ not a T0 transparency hole.]**
LIVE-STUB	5.42	INTENT.md:309	B31	LIVE-B	1643	er-editable file is governed by refusal-on-read and destruction-on-write — the exact inverse of the §11.66(b) preservation contract mandated for the other user-editable format. — **OPEN (found by the B31 design pass 2026-07-25, §11.110(c); NOT fixed: making the config writer comment-preserving is the §11.66(b) writer's job on a second format, and making the reader survive a bad line changes startup s
LIVE-STUB	5.42	INTENT.md:309	B31	LIVE-B	1890	ed: making the config writer comment-preserving is the §11.66(b) writer's job on a second format, and making the reader survive a bad line changes startup semantics on frozen field configs — both are B31-adjacent work with their own verification. The immediate design consequence is recorded instead: the session file is NOT `config.ini`, and B31 must not extend this writer's reach.)** **[RE-VERIFIED +
LIVE-STUB	5.42	INTENT.md:309	B31	LIVE-B	2033	ges startup semantics on frozen field configs — both are B31-adjacent work with their own verification. The immediate design consequence is recorded instead: the session file is NOT `config.ini`, and B31 must not extend this writer's reach.)** **[RE-VERIFIED + SCOPE-CORRECTED 2026-08-29, F47 §11.163(f). Every leg present at `d6aec251`: `appModule/app.cpp:932` (drifted from `:907`) → `tools/init_parse
LIVE-STUB	5.43	INTENT.md:311	B4	LIVE-B	804	uarantee this pointer exists to provide). Latent as long as every ModularBodyPtr lived at a stable address; **MEASURED the first time one lived inside a value a container RELOCATES** (2026-07-25, the B4 anchor registry): SIGSEGV at `ModularBodyPtr.cpp:19` inside `__relocate_object_a`, on the 6th anchor of the shipped `anchor.ini`, first run (backtrace in §11.111(f)). — **FIXED 2026-07-25 (§11.111(f)
LIVE-STUB	5.44	INTENT.md:313	B39	LIVE-B	1694	 every walk as a side effect of nesting and no descendant's own state is touched — which is exactly what [vixy, D23] requires (*"mustn't change the exposed hidden attribute/flag"*). The row exists so B39 does not "port" the old behaviour on the assumption that old is the spec, and so the divergence is named before it is measured.
LIVE-STUB	5.46	INTENT.md:316	B39	LIVE-B	1173	le), which is exactly the class §11.39 believed it had closed (*"the cached frame is correct for EVERY body, visible or not"* — true of the descent, false of the climb). — **OPEN (found 2026-07-30 by B39; NOT fixed there: the one-line fix CHANGES RENDERED OUTPUT for a body B39 does not otherwise touch, and B39 does not need it — `publishParkedFrame` captures the frame at the six sites that provably h
LIVE-STUB	5.46	INTENT.md:316	B39	LIVE-B	1247	d frame is correct for EVERY body, visible or not"* — true of the descent, false of the climb). — **OPEN (found 2026-07-30 by B39; NOT fixed there: the one-line fix CHANGES RENDERED OUTPUT for a body B39 does not otherwise touch, and B39 does not need it — `publishParkedFrame` captures the frame at the six sites that provably have it. Fix shape: assign `matLocalToBodyPos = flat` in the up-chain loop 
LIVE-STUB	5.46	INTENT.md:316	B39	LIVE-B	1281	 visible or not"* — true of the descent, false of the climb). — **OPEN (found 2026-07-30 by B39; NOT fixed there: the one-line fix CHANGES RENDERED OUTPUT for a body B39 does not otherwise touch, and B39 does not need it — `publishParkedFrame` captures the frame at the six sites that provably have it. Fix shape: assign `matLocalToBodyPos = flat` in the up-chain loop where `mat = parentTilted` is assi
LIVE-STUB	5.46	INTENT.md:316	B39	LIVE-B	3773	to eye coordinates, so it did NOT move when the observer turned their head. Residues recorded not fixed: `parkedChildFrame` is now a provable duplicate of this member (§11.139(k)(1), collapsing it is B39-barrier work), **§5.75**, and the orbit pass's depth-bucket clipping.
LIVE-STUB	5.50	INTENT.md:325	A1	CLOSED-PTR	2298	ths from one map and the old path returning is what lets the new one run), while the control ProbeB (`still_orbit`) carries **both halves**; the composed-file rover control (`b24_screen`) stays green A1–A5. Rider recorded, not fixed: the valid-value list is spelled out in the message because no `OrbitCreator` exposes the keyword it handles — an I2 duplication named in the code comment (the same one 
LIVE-STUB	5.50	INTENT.md:325	A5	CLOSED-PTR	2301	 from one map and the old path returning is what lets the new one run), while the control ProbeB (`still_orbit`) carries **both halves**; the composed-file rover control (`b24_screen`) stays green A1–A5. Rider recorded, not fixed: the valid-value list is spelled out in the message because no `OrbitCreator` exposes the keyword it handles — an I2 duplication named in the code comment (the same one `Ca
LIVE-STUB	5.52	INTENT.md:329	B12	LIVE-B	692	` (sum-of-RGB, max 765) over a ~11 px disc. Same row, new path: **all zero**; the only non-zero pixels within 30 px of the centre lie at r ≥ 9 px (the far components' hint ring). Identical in the pre-B12 and post-B12 binaries — the module that fills the MESH slot is not the variable.] The band is not a corner: it is every body between roughly 3 and 16 px across at a 2048-wide render — the regime §2.0
LIVE-STUB	5.52	INTENT.md:329	B12	LIVE-B	705	, max 765) over a ~11 px disc. Same row, new path: **all zero**; the only non-zero pixels within 30 px of the centre lie at r ≥ 9 px (the far components' hint ring). Identical in the pre-B12 and post-B12 binaries — the module that fills the MESH slot is not the variable.] The band is not a corner: it is every body between roughly 3 and 16 px across at a 2048-wide render — the regime §2.0 D3 calls the
LIVE-STUB	5.52	INTENT.md:329	B12	LIVE-B	1917	 — **OPEN** (found 2026-07-31 by F9 while measuring the star surface across regimes; record-don't-fix by that task's stop boundary — it is a MESH-family/regime defect, not a star one, and it predates B12. It also **corrects a recorded conclusion**: §11.44's *"at native fisheye (mid-band, drawNoDepth) the disc is bright in both"* was reading the additive big halo, not the disc; with the halo suppresse
LIVE-STUB	5.54	INTENT.md:333	B12	LIVE-B	1043	dead, and a §2.0 D5 (1k–8k) question underneath — G4's own evidence line cites the named constants as if they were the gates. — **OPEN** (found 2026-07-31 by F9 while locating the regime boundary for B12; record-don't-fix — touching any of those literals moves every body's regime in every scene, which needs its own dispatch and its own before/after scene battery. Decide it as one question: are the ga
LIVE-STUB	5.55	INTENT.md:335	B7	LIVE-B	1386	tively `std::bad_alloc` out of a destructor ⇒ `terminate` ⇒ **SIGABRT**; under gdb *"Thread 1 received signal SIGSEGV, Segmentation fault"* at that same frame #0. So this is a **member of the §11.15d/B7 shutdown-crash class that reproduces on one command** — the first one that does. **Mechanism at source**: `AxisFamilyData` is a function-local static (`AxisModule.cpp:26-31`, constructed on the axis 
LIVE-STUB	5.59	INTENT.md:343	B7	LIVE-B	1245	the same stack appears when the same path is starved a completely different way (the app on a software Vulkan ICD, `f17_tsan_smoke/lvp_native.log`). This is what every "HUNG (no exit in 45 s)" in the B7 record has been, on BOTH binaries: a frame-pacing stall upstream of teardown, NOT a teardown fault — which is also what §11.74 concluded about B17's mis-filed draw-stall. It **supersedes §11.122(i)'s
LIVE-STUB	5.59	INTENT.md:343	B17	LIVE-B	1391	). This is what every "HUNG (no exit in 45 s)" in the B7 record has been, on BOTH binaries: a frame-pacing stall upstream of teardown, NOT a teardown fault — which is also what §11.74 concluded about B17's mis-filed draw-stall. It **supersedes §11.122(i)'s unattributed residual** (the binary theory it named is refuted: 3/54 post-fix vs 1/54 pre-fix, p = 0.31, and the pre-fix binary — 0 HUNG in 122 be
LIVE-STUB	5.63	INTENT.md:351	B31	LIVE-B	1522	old the restored scene and the rebuilt scene side by side with the sky content off, which separates a photometric sky term from everything else in one run. It blocks b31-design §6.2's T1 and the next B31 slice inherits it.)** **[EXTENDED 2026-08-01 by F21's bounded attribution attempt (§11.129(b); budget stated and spent: 3 measurement waves / 9 launches, in-scene A/A floor 0 at every stage of every 
LIVE-STUB	5.63	INTENT.md:351	B10	LIVE-B	3638	tar_scale 1`, `set star_mag_scale 1`, `flag lock_sky_position off` then `on`, `set heading 0`. **(6) `view_offset` EXCLUDED BY CONSTRUCTION, and it is a harness defect**: `set view_offset 0.25` — the B10 line of f20_session.py's scene A — is **not a registered `set` name**; the app rejects it (*"view_offset is unknown. Did you mean zoom_offset ?"*, `f21s_saved.applog:2159`), so scene A never exercise
LIVE-STUB	5.63	INTENT.md:351	B10	LIVE-B	3850	f20_session.py's scene A — is **not a registered `set` name**; the app rejects it (*"view_offset is unknown. Did you mean zoom_offset ?"*, `f21s_saved.applog:2159`), so scene A never exercised §2 row B10 at all and both sides run at offset 0. **(7) the magnitude is NOT stable across restores**: 3185 px (§11.128(h)), then 5655 / 7834 / 7830 on the same binary, same scene, same commands — while the SAV
LIVE-STUB	5.63	INTENT.md:351	B19	ARCHIVED	5511	s drawn against 689**, while the observer's place agreed to 1.4e-6° and `mat_local_to_earth_equ` to 1.9e-8. **TWO facts.** (1) `Navigator::local_vision` is STATE and the file did not carry it: §2 row B19's clause *"setters are dual so it follows"* is measurably false here — nothing ties that vector to the camera, and there is no seam to route it through (driving the shipped `look_at` dual seam with t
LIVE-STUB	5.66	INTENT.md:357	B9	ARCHIVED	663	tion predicts** and **102.0° from where the old path had been**, against an in-scene A/A floor of 1e-6°.] The two paths therefore do not share the alt/az convention this seam feeds them, which is the B9 az-convention family (§11.4/§11.60) seen from the WRITE side rather than the readout side. Consequence, and the reason it is recorded here: a restore cannot put the old path's view back by replaying 
LIVE-STUB	5.68	INTENT.md:361	B33	LIVE-B	1208	` puts the old observer at 0.1 m and the camera at 0.05 m — is a REAL divergence of the drawn place from the readable one on the OLD side of the pin. — **OPEN** (found 2026-08-01 by F23 while closing B33's read half; record-don't-fix: which clamp is right is a product question — the ±90° one is a coordinate-system fact the camera arguably needs too, the 0.1 m altitude floor and the 0→1e-6 latitude nu
LIVE-STUB	5.70	INTENT.md:365	B28	ARCHIVED	1401	x: the one-word fix is `look_at delta_azimuth … delta_altitude …`, but what a recording CONTAINS is show-facing, the recorded value would then execute `Core::panView` — which is §5.71, old-only — and B28 owns command spellings. Owed before it is judged: whether any archived recording already carries the broken line, since fixing the emitter does not fix a recorded file.) — **EXTENDED 2026-08-09 (F30,
LIVE-STUB	5.71	INTENT.md:367	B34	LIVE-B	484	z, delta_alt, projection->getFov(), duration)` `[observed: core.hpp:264-267, app_command_interface.cpp:3197]` — the OLD path only, exactly as the key ramp did before §11.133. It is the last member of B34's class and the fix is one line at the same seam, `Camera::lookRel(delta_alt, delta_az, duration)`, now that `lookRel` carries old's convention. NOT taken by F25 for two stated reasons: it is inside 
LIVE-STUB	5.71	INTENT.md:367	B34	LIVE-B	1050	on > 0`, where old runs an atan-eased `auto_move` (which also arms the view offset) against the camera's constant-min-acceleration law — **perceptual parity, not exact**, i.e. precisely the class the B34 mandate says to record rather than approximate. — **OPEN** (found 2026-08-02 by F25; blocked on §5.66/§11.92(d) rather than on effort. Owed before it is judged: whether the duration branch should rid
LIVE-STUB	5.77	INTENT.md:379	B28	ARCHIVED	4483	ding new wording first. No ⇒ the fix is not additive: either the raw stream write goes (changing the console for `print_log = false` installs) or `cLog` needs a log-only entry point (a new interface, B28-adjacent). Everything downstream of that answer is mechanical.)
LIVE-STUB	5.80	INTENT.md:384	B10	LIVE-B	1521	oveEyeRel` and `setFreeMode(false)` alike, so it is a free-flight semantics change, not a sign flip. Owed before it is judged: which of the two conventions the free-flight movers were BUILT against — B10/B21 measured their behaviour, not their frame.)** — **EXTENSION 2026-08-09 (F34, §11.144; code UNCHANGED at `204d402e`): THE OWED DATUM IS ANSWERED, and the row's own text is corrected on one point.*
LIVE-STUB	5.80	INTENT.md:384	B21	LIVE-B	1525	yeRel` and `setFreeMode(false)` alike, so it is a free-flight semantics change, not a sign flip. Owed before it is judged: which of the two conventions the free-flight movers were BUILT against — B10/B21 measured their behaviour, not their frame.)** — **EXTENSION 2026-08-09 (F34, §11.144; code UNCHANGED at `204d402e`): THE OWED DATUM IS ANSWERED, and the row's own text is corrected on one point.** **
LIVE-STUB	5.82	INTENT.md:387	B28	ARCHIVED	794	EN (recorded, not fixed: honouring the argument would change what a shipped command DOES — 19 shipped lines would start creating differently-named anchors — so it is a product decision, not a repair. B28 also forbids minting around it.)** — **ANNOTATED 2026-08-23 (§11.147).** *"Every shipped use passes a name (19 lines in 3 files)"* is exact for `~/.spacecrafter/scripts/**` and over-broad as written:
LIVE-STUB	5.85	INTENT.md:393	B4	LIVE-B	1095	 START-DEPENDENT — the same command from heading 40° lands **29.635°** away from where it lands from heading 0° (40 → −92.979). An alignment would be both. 0 shipped scripts use it. — **OPEN (this is B4(iv)'s recorded derivation gap: the member was NOT ported to the new path because the requirement its shape appears to encode is one old does not meet, and the two terms that fail — the transpose and 
LIVE-STUB	5.86	INTENT.md:395	B24	LIVE-B	3840	t only four sites** (product `ssystem_factory.cpp:914`/`:937`, instrument `:1202`/`:1239`), so on the shipped surface this defect answers **ONLY for a body the old tree does not carry** — a composed (B24) body. **(ii) THE PARITY TARGET, measured on an EXISTING channel** (the dual dump's `.navstr` sidecar already prints both paths' `getShortInfoNavString` per body at one frame, `ssystem_factory.cpp:11
LIVE-STUB	5.87	INTENT.md:397	B3	LIVE-B	775	*MEASURED on F31's fixture culture**: `select constellation_star ZZNOSUCH` after `select constellation_star F3A` still answers `43 And` / `HP 5447` and `F3A` `[artifacts/f35/post/f35_result_post.json B3]`. Distinct from §5.79, which was the EMPTY case and is closed: this is the non-empty one, unchanged by that fix by construction (D8). — **OPEN (recorded, not fixed: the right answer is a user-visibl
LIVE-STUB	5.88	INTENT.md:398	B9	ARCHIVED	2960	 field + data-root md5 asserted in == out on every leg. **(1) The user-visible cost is a FALSE STATEMENT, not a gap**: the label prints with an empty value — `'Type spectral : '` vs `'Type spectral : B9p'` (4/4 both ways) — so a star with no loadable spectral type is presented as a star with no spectral type. A star whose `getSpInt()` is 0 gives an ABSENT line in both legs, which is the built-in neg
LIVE-STUB	5.89	INTENT.md:400	B1	LIVE-B	4577	 `T&` over a file-sized buffer, whose only implicit-conversion consumer (`LazyOjmL.cpp:156`) has **zero construction sites today** ⇒ unreachable now, **load-bearing the moment the RING/asteroid line (B1/S4) wires it**, against a loader cache validated by source **mtime only** (`AsyncLoaderMgr.cpp:149`) where the texture cache next door carries a version stamp (`s_texture.cpp:1201-1206`). **What the 
LIVE-STUB	5.100	INTENT.md:422	B17	LIVE-B	402	f38_gaps.py`, artifacts `harness/artifacts/f38/gaps`] `Core::autoZoomIn` writes `navigation->setFlagTraking(true)` directly [observed: core.cpp:1324] with no `Camera::trackBody` beside it — while the B17 view-offset mirror IS there, two lines below, so the seam was visible at the site. Measured on the shipped command surface: `select planet Mars` then `zoom auto in duration 0` leaves **`old flagTraki
LIVE-STUB	5.104	INTENT.md:430	B16	ARCHIVED	1777	`, before the config block; the reload never re-applies anything at all). — **OPEN** (found 2026-08-26 by F39 while confirming that prediction; record-don't-fix: the reload/state-preservation seam is B16's, and WHAT should be re-applied — the config values, the D30 authored-override ledger, or both, and in which order relative to the ramp — is a design question rather than a repair. Owed with the fix
LIVE-STUB	5.104	INTENT.md:430	B16	ARCHIVED	2383	ad re-applies it [derived, veto]); modular: the new FILE owns it, deprecating config.ini whenever the new format serves the solar system (reload re-applies by construction, D31). Implementation rides B16's seam; ONE GATE: B28 sign-off on the new-format scaling key before any emitter writes it. The owed every-other-seam probe STAYS — the ruling covers scaling only.]** **[OPERATED [vixy 2026-08-26 → §1
LIVE-STUB	5.104	INTENT.md:430	B28	ARCHIVED	2405	ved, veto]); modular: the new FILE owns it, deprecating config.ini whenever the new format serves the solar system (reload re-applies by construction, D31). Implementation rides B16's seam; ONE GATE: B28 sign-off on the new-format scaling key before any emitter writes it. The owed every-other-seam probe STAYS — the ruling covers scaling only.]** **[OPERATED [vixy 2026-08-26 → §11.154(c)]: derivation 
LIVE-STUB	5.104	INTENT.md:430	B28	ARCHIVED	2810	tified verbatim (*"your derivation is exact - you can operate it"*); key name **`display_scale`** proposed WITH its delegated deducibility test (*"if it doesn't hold, it's not the right name"*) — the B28 gate closes conditionally at F41's check. Twin must emit it (reproduce-legacy contract, §11.113(f) precedent). Implementation = F41.]** — **FIXED AND CLOSED 2026-08-26 (F41, §11.155; code `18b6f13f →
LIVE-STUB	5.104	INTENT.md:430	B28	ARCHIVED	3990	med: reload holds the file's value, and after a command a reload puts the FILE's value BACK (D31 — a reload is a LOAD, the override is not replayed). `display_scale` ADOPTED against the full grammar (B28 verdict + argument at §11.155(a)); twin emits `[Moon] display_scale = 5` and nothing for `[Sun]`, byte-reproducibly. **THE OWED WIDER-SEAM PROBE STAYS OPEN ON THIS ROW** — the ruling covered scaling 
LIVE-STUB	5.107	INTENT.md:435	B15	LIVE-B	1972	r never-evaluated body is untouched. — **OPEN** (found 2026-08-26 by F41 while making the two format branches comparable; record-don't-fix: the repair is a choice between recompute-at-use (the closed B15/B19/B32/§11.152(b) class), an owner-notifies push when a ramp lands, and a post-config sweep mirroring old's own `initialSolarSystemBodies`, and each has a per-frame cost profile — D11 territory. Owe
LIVE-STUB	5.107	INTENT.md:435	B19	ARCHIVED	1976	ver-evaluated body is untouched. — **OPEN** (found 2026-08-26 by F41 while making the two format branches comparable; record-don't-fix: the repair is a choice between recompute-at-use (the closed B15/B19/B32/§11.152(b) class), an owner-notifies push when a ramp lands, and a post-config sweep mirroring old's own `initialSolarSystemBodies`, and each has a per-frame cost profile — D11 territory. Owed be
LIVE-STUB	5.107	INTENT.md:435	B32	ARCHIVED	1980	evaluated body is untouched. — **OPEN** (found 2026-08-26 by F41 while making the two format branches comparable; record-don't-fix: the repair is a choice between recompute-at-use (the closed B15/B19/B32/§11.152(b) class), an owner-notifies push when a ramp lands, and a post-config sweep mirroring old's own `initialSolarSystemBodies`, and each has a per-frame cost profile — D11 territory. Owed before
LIVE-ENTRY	5.18	INTENT/5.18.md	B10	LIVE-B	94	# INTENT §5.18  18. **Observer stuck at height 0, unable to take off** — **MECHANISM FIXED by B10 (2026-07-22, §11.71); floor VALUE suspended for Vixy.** The shared `Camera::proximityFactor(escaping)` authority floors the outward/lateral step to `ANTISTUCK_ESCAPE_FLOOR·scaledRadius` (≈6.4 m on Ea
LIVE-ENTRY	5.18	INTENT/5.18.md	B10	LIVE-B	801	nwired (0 callers) and moveRelLon/Lat reach only UI keys; the fix is correct for when they run. Original entry (user-reported [vixy 2026-07-20: "an issue some users genuinely had and reported"]; rode B10, §5.2): Mechanism: the interactive movers are multiplicative on the proximity factor, which is zero at height 0 — `multAlt` [observed: Camera.hpp:99-105, `coef = distanceToReference()*(coef-1)`] and,
LIVE-ENTRY	5.19	INTENT/5.19.md	B9	ARCHIVED	107	# INTENT §5.19  19. **RA/DE convention divergence at the ModularObject surface** — **OPEN, out-of-scope of B9 (found by it, 2026-07-22, §11.60(h))**. The RA/DE analog of the azimuth divergence B9 fixed: `ModularObject::getRaDeValue`/`getInfoString`/`getShortInfoNavString` read `Camera::observedPosToRaDe(body
LIVE-ENTRY	5.19	INTENT/5.19.md	B9	ARCHIVED	193	# INTENT §5.19  19. **RA/DE convention divergence at the ModularObject surface** — **OPEN, out-of-scope of B9 (found by it, 2026-07-22, §11.60(h))**. The RA/DE analog of the azimuth divergence B9 fixed: `ModularObject::getRaDeValue`/`getInfoString`/`getShortInfoNavString` read `Camera::observedPosToRaDe(body->getObservedPosition())`, which disagrees with the old path's `Body::getRaDeValue` (`
LIVE-ENTRY	5.19	INTENT/5.19.md	B9	ARCHIVED	848	elta (candidate: J2000 vs of-date, or an observer-frame rotation). Feeds `getSelectedRA/DE` and the SA/GHA/LHA nav fields (which are all derived from the RA). **Invisible today for the same reason as B9**: ModularObject is uninstantiated in production (§11.60(g)), so `getSelectedRA/DE` currently uses the old `Body`. NOT fixed here — B9's DoD is azimuth only, and the single-authority discipline forbi
LIVE-ENTRY	5.19	INTENT/5.19.md	B9	ARCHIVED	983	l derived from the RA). **Invisible today for the same reason as B9**: ModularObject is uninstantiated in production (§11.60(g)), so `getSelectedRA/DE` currently uses the old `Body`. NOT fixed here — B9's DoD is azimuth only, and the single-authority discipline forbids improvising a second convention. Needs its own probe (does the delta hold clean across bodies/states, like az did?) then a single co
LIVE-ENTRY	5.19	INTENT/5.19.md	B9	ARCHIVED	1284	. Needs its own probe (does the delta hold clean across bodies/states, like az did?) then a single conversion authority in the same idiom as `ModularObject::altAz()`. A natural next-task companion to B9. 
LIVE-ENTRY	5.2	INTENT/5.2.md	B10	LIVE-B	8943	st stay until surface mode lands** — the clean replacement is not "set it to 0", it is the near-surface draw regime [vixy], which owns a navigation law where altitude 0 is a legitimate resting state. B10 must therefore NOT remove the base-altitude workaround; that retires with §12 row 16 (D4), not with the nav radius. Note the same law explains the non-solid case with no special-casing: with min_radi
LIVE-ENTRY	5.20	INTENT/5.20.md	B24	LIVE-B	116	# INTENT §5.20  20. **`linearOrbit` lerp weights SWAPPED** — **OPEN, dead code, do-NOT-register-as-is (found by the B24 composition inventory, 2026-07-22, §11.78(c))**. At `JD0 == t_start` the interpolation returns `posFinal` and at `t_end` returns `posInitial` — backwards, contradicting both of its own clamp branches
INPLACE-ENTRY	5.23	INTENT/5.23.md	B24	LIVE-B	2149	ude DEFAULT ANSWERED [vixy 2026-07-23, D18 §11.79(l)]: surface-locked by default, explicit rot keys override; the acting 24 h legacy default stays but must be LOGGED (§2.0 D12) — implementation rides B24.**   ---  *INTENT.md index line retired to this file 2026-07-31 (archival pass1; the line was a derived view — this file is the entry's authority):*  23. **Grounded surface fold applied the CHILD's s
INPLACE-ENTRY	5.24	INTENT/5.24.md	B19	ARCHIVED	90	# INTENT §5.24  24. **Body spin phase leaks launch wall-clock state (rotation twin of the B19 position-freeze)** — **OPEN → ledger B32 (found by the B24 equivalence A-vs-A control, 2026-07-22, §11.78(f))**. `axisRotation` refreshes only on fully-updated (visible) bodies; an invisible body hol
INPLACE-ENTRY	5.24	INTENT/5.24.md	B32	ARCHIVED	131	# INTENT §5.24  24. **Body spin phase leaks launch wall-clock state (rotation twin of the B19 position-freeze)** — **OPEN → ledger B32 (found by the B24 equivalence A-vs-A control, 2026-07-22, §11.78(f))**. `axisRotation` refreshes only on fully-updated (visible) bodies; an invisible body holds the spin phase of its last full update
INPLACE-ENTRY	5.24	INTENT/5.24.md	B24	LIVE-B	149	# INTENT §5.24  24. **Body spin phase leaks launch wall-clock state (rotation twin of the B19 position-freeze)** — **OPEN → ledger B32 (found by the B24 equivalence A-vs-A control, 2026-07-22, §11.78(f))**. `axisRotation` refreshes only on fully-updated (visible) bodies; an invisible body holds the spin phase of its last full update, which happened a
INPLACE-ENTRY	5.24	INTENT/5.24.md	B15	LIVE-B	608	aunches, same frozen scene, differ in `axisRot` on ~20 pole-bearing moons (Belinda 8.7e-2, Puck 7.1e-2, Caliban 9e-5 rad; 70/90 identical). Under §2.0 D8's use-site barrier this is the same class the B15 (AoI latch) and B19 (position freeze) fixes closed for their state: a dump/draw/query of an invisible body's orientation is a USE and must not read a launch-time phase. Consequence tonight: `axisRot`
INPLACE-ENTRY	5.24	INTENT/5.24.md	B19	ARCHIVED	628	 scene, differ in `axisRot` on ~20 pole-bearing moons (Belinda 8.7e-2, Puck 7.1e-2, Caliban 9e-5 rad; 70/90 identical). Under §2.0 D8's use-site barrier this is the same class the B15 (AoI latch) and B19 (position freeze) fixes closed for their state: a dump/draw/query of an invisible body's orientation is a USE and must not read a launch-time phase. Consequence tonight: `axisRot` is excluded from th
INPLACE-ENTRY	5.24	INTENT/5.24.md	B24	LIVE-B	1276	§11.76 barrier — the tick must be able to genuinely FREEZE (comet-scale two-path design input recorded there)** — small, but it touches the freshness ladder, so it gets its own row rather than riding B24 (→ B32).   ---  *INTENT.md index line retired to this file 2026-07-31 (archival pass1; the line was a derived view — this file is the entry's authority):*  24. **Body spin phase leaks launch wall-clo
INPLACE-ENTRY	5.24	INTENT/5.24.md	B32	ARCHIVED	1283	barrier — the tick must be able to genuinely FREEZE (comet-scale two-path design input recorded there)** — small, but it touches the freshness ladder, so it gets its own row rather than riding B24 (→ B32).   ---  *INTENT.md index line retired to this file 2026-07-31 (archival pass1; the line was a derived view — this file is the entry's authority):*  24. **Body spin phase leaks launch wall-clock stat
INPLACE-ENTRY	5.24	INTENT/5.24.md	B19	ARCHIVED	1510	ex line retired to this file 2026-07-31 (archival pass1; the line was a derived view — this file is the entry's authority):*  24. **Body spin phase leaks launch wall-clock state (rotation twin of the B19 position-freeze)** — ~~**OPEN → ledger B32**~~ **FIXED by B32 (2026-07-24, code `2912d303`, §11.93): recompute-at-use, cross-launch 0 ULP, exclusion lifted (found by the B24 equivalence A-vs-A contro
INPLACE-ENTRY	5.24	INTENT/5.24.md	B32	ARCHIVED	1553	chival pass1; the line was a derived view — this file is the entry's authority):*  24. **Body spin phase leaks launch wall-clock state (rotation twin of the B19 position-freeze)** — ~~**OPEN → ledger B32**~~ **FIXED by B32 (2026-07-24, code `2912d303`, §11.93): recompute-at-use, cross-launch 0 ULP, exclusion lifted (found by the B24 equivalence A-vs-A control, 2026-07-22, §11.78(f))** […] → INTENT/5.
INPLACE-ENTRY	5.24	INTENT/5.24.md	B32	ARCHIVED	1572	ine was a derived view — this file is the entry's authority):*  24. **Body spin phase leaks launch wall-clock state (rotation twin of the B19 position-freeze)** — ~~**OPEN → ledger B32**~~ **FIXED by B32 (2026-07-24, code `2912d303`, §11.93): recompute-at-use, cross-launch 0 ULP, exclusion lifted (found by the B24 equivalence A-vs-A control, 2026-07-22, §11.78(f))** […] → INTENT/5.24.md 
INPLACE-ENTRY	5.24	INTENT/5.24.md	B24	LIVE-B	1684	ate (rotation twin of the B19 position-freeze)** — ~~**OPEN → ledger B32**~~ **FIXED by B32 (2026-07-24, code `2912d303`, §11.93): recompute-at-use, cross-launch 0 ULP, exclusion lifted (found by the B24 equivalence A-vs-A control, 2026-07-22, §11.78(f))** […] → INTENT/5.24.md 
LIVE-ENTRY	5.25	INTENT/5.25.md	B14	LIVE-B	174	# INTENT §5.25  25. **`RotationElements::period` is float32 ⇒ bounded live meridian drift on fast rotators (≤~0.13°/decade measured)** — [defect, engine field-type; found by B14-periode 2026-07-23, §11.88]     - Mechanism [observed: rotation_elements.hpp:33 + ModularBody.hpp:350]: `axisRotation = (jd−epoch)/re.period·2π + offset` with `re.period` stored float32 — the DATA va
LIVE-ENTRY	5.25	INTENT/5.25.md	B14	LIVE-B	1403	e (touches RotationElements ABI + both paths) — a small, mechanical change but it moves parity baselines at the ULP level; decision + timing Vixy's.     - Cross-refs: §11.88 (finding + measurements), B14 row (vii). 
LIVE-ENTRY	5.26	INTENT/5.26.md	B17	LIVE-B	127	# INTENT §5.26  26. **`set heading` old/new semantic desync** — [defect, pre-existing S6 command-seam parity class; EXPOSED by B17's offset work 2026-07-24, §11.92(e); OPEN]     - ~~Observable [measured]: with a view offset active, `set heading 0` produces new-vs-old cross 11583 px (vs 132 px at the natural tracking heading ≡ 0)
LIVE-ENTRY	5.26	INTENT/5.26.md	B17	LIVE-B	474	11583 px (vs 132 px at the natural tracking heading ≡ 0)~~ — the command lands on both paths but with DIFFERENT semantics: old via `navigation->changeHeading`, new via `Camera::setHeading` [observed: B17 session]. **[OBSERVABLE SUPERSEDED 2026-07-25 by F4 §11.108(c) — §11.108(j) records *"§5.26 annotated with the refutation"*, but the annotation landed on the INTENT.md stub and never on this file, wh
LIVE-ENTRY	5.26	INTENT/5.26.md	B17	LIVE-B	902	nscribed here 2026-08-29 (F42, §11.156). The two-semantics source fact stands; the NUMBER and the leg it was measured on do not — see the REFUTED block below.]**     - Pre-existing: not introduced by B17 (the offset merely made it visible — the offset composes with heading on both paths, amplifying the semantic gap into pixels). Heading=0 (the tracking regime) is clean on both.     - Class: the S6 co
LIVE-ENTRY	5.26	INTENT/5.26.md	B21	LIVE-B	1247	 tracking regime) is clean on both.     - Class: the S6 command-surface seam audit's territory (capability-reachability + parity per command); ~~candidate for the next command-surface sweep alongside B21's keyboard-descent unification note~~ **[SWEPT 2026-07-25 — F4 ran the S6 capability-reachability audit and B21's descent unification in the same task, §11.108; transcribed here 2026-08-29, F42 §11.1
LIVE-ENTRY	5.26	INTENT/5.26.md	B21	LIVE-B	1359	ability + parity per command); ~~candidate for the next command-surface sweep alongside B21's keyboard-descent unification note~~ **[SWEPT 2026-07-25 — F4 ran the S6 capability-reachability audit and B21's descent unification in the same task, §11.108; transcribed here 2026-08-29, F42 §11.156]**.     - Not chased in-row (B17's DoD regime is heading 0); no workaround needed today.     - **THE ROW'S OW
LIVE-ENTRY	5.26	INTENT/5.26.md	B17	LIVE-B	1482	note~~ **[SWEPT 2026-07-25 — F4 ran the S6 capability-reachability audit and B21's descent unification in the same task, §11.108; transcribed here 2026-08-29, F42 §11.156]**.     - Not chased in-row (B17's DoD regime is heading 0); no workaround needed today.     - **THE ROW'S OWN OBSERVABLE IS REFUTED AT SOURCE-OF-TRUTH AND RE-ATTRIBUTED — 2026-07-25, F4 §11.108(c)** [measured, `harness/s526_heading
LIVE-ENTRY	5.26	INTENT/5.26.md	B17	LIVE-B	1842	1.108(c)** [measured, `harness/s526_heading.py`, artifacts `harness/artifacts/s526/`; predictions committed BEFORE the run, `artifacts/s526/PREDICTIONS.md`, with the falsifier stated]. Re-measured on B17's own `trk` scene, so the numbers are comparable to §11.92(b)'s 132 px class: natural cross **130 px>32** (the recorded class, reproduced) and then `set heading 0` with the offset active **129 px>32*
LIVE-ENTRY	5.26	INTENT/5.26.md	A38	CLOSED-PTR	3532	he new path keeps holding the whole       orientation, because old's roll rebuild is a convention and not a physical fact, so §11.52(b)       does not bind (the §13.A row that carried the question, **A38**, is **CLOSED** with it — §13's       *"Closed by Vixy round 6"* list, answers inline 2026-07-26, full record §11.113) — and **B33 (F12, §11.118(f)) fixed the READOUT**, which is what makes that cho
LIVE-ENTRY	5.26	INTENT/5.26.md	B33	LIVE-B	3664	(b)       does not bind (the §13.A row that carried the question, **A38**, is **CLOSED** with it — §13's       *"Closed by Vixy round 6"* list, answers inline 2026-07-26, full record §11.113) — and **B33 (F12, §11.118(f)) fixed the READOUT**, which is what makes that choice       operable: `CoreLink::getHeading` now reports the roll of the path that DRAWS. Re-measured on       this row's own scene wi
LIVE-ENTRY	5.27	INTENT/5.27.md	B3	LIVE-B	114	# INTENT §5.27  27. **Grounded children don't ride parent display scaling** — [defect, found 2026-07-24 by the F1/B3 root-cause chain, §11.100; ~~OPEN~~ **CLOSED 2026-08-26 — behaviour half IMPLEMENTED by task F39 (§11.152), code `8c2cbf61`; the CLOSING block is the last one in this file**]     - Observable [measur
LIVE-ENTRY	5.27	INTENT/5.27.md	B15	LIVE-B	2664	time — with three consequences: (i) **both D21 options require a change and neither can be chosen "because it is today's behaviour"**; (ii) it is the 4th instance of the closed load-time-latch class (B15 AoI / B19 position / B32 spin), so the model-layer half may need no new decision at all; (iii) the leak runs the WRONG way — `ModularBody.hpp:193` declares *"Just visual scaling"* yet a display flag 
LIVE-ENTRY	5.27	INTENT/5.27.md	B19	ARCHIVED	2674	h three consequences: (i) **both D21 options require a change and neither can be chosen "because it is today's behaviour"**; (ii) it is the 4th instance of the closed load-time-latch class (B15 AoI / B19 position / B32 spin), so the model-layer half may need no new decision at all; (iii) the leak runs the WRONG way — `ModularBody.hpp:193` declares *"Just visual scaling"* yet a display flag sets a PHY
LIVE-ENTRY	5.27	INTENT/5.27.md	B32	ARCHIVED	2689	ences: (i) **both D21 options require a change and neither can be chosen "because it is today's behaviour"**; (ii) it is the 4th instance of the closed load-time-latch class (B15 AoI / B19 position / B32 spin), so the model-layer half may need no new decision at all; (iii) the leak runs the WRONG way — `ModularBody.hpp:193` declares *"Just visual scaling"* yet a display flag sets a PHYSICAL position 
LIVE-ENTRY	5.27	INTENT/5.27.md	B31	LIVE-B	5823	 `ModularBody.hpp:193`'s contract becomes TRUE — a script-fetched grounded position stops depending on `flag moon_scaled`, closing the D8 script-channel violation of (iii) above. Unblocked with it: **B31's T3** and the retirement-or-argument of the harness-wide `flag moon_scaled off` workaround (`b24_screen` and every grounded screen harness).      - **CLOSED 2026-08-26 — F39, §11.152** [code `b444d3
LIVE-ENTRY	5.27	INTENT/5.27.md	B15	LIVE-B	6933	ch is gone. The orbit holds its parent through a `ModularBodyPtr` (I5) and reads `getDatumRadiusRaw()` — the UNSCALED datum — at every evaluation. Fourth instance of the closed load-time-latch class (B15/B19/B32), and it closes §11.101(f)(iii)'s D8 leak: the model position no longer depends on a display flag.       - **PRESENTATION** [`ModularBody.hpp`/`.cpp`, `ModularSystem.cpp`]: `inheritedScaling`
LIVE-ENTRY	5.27	INTENT/5.27.md	B19	ARCHIVED	6937	s gone. The orbit holds its parent through a `ModularBodyPtr` (I5) and reads `getDatumRadiusRaw()` — the UNSCALED datum — at every evaluation. Fourth instance of the closed load-time-latch class (B15/B19/B32), and it closes §11.101(f)(iii)'s D8 leak: the model position no longer depends on a display flag.       - **PRESENTATION** [`ModularBody.hpp`/`.cpp`, `ModularSystem.cpp`]: `inheritedScaling` is 
LIVE-ENTRY	5.27	INTENT/5.27.md	B32	ARCHIVED	6941	ne. The orbit holds its parent through a `ModularBodyPtr` (I5) and reads `getDatumRadiusRaw()` — the UNSCALED datum — at every evaluation. Fourth instance of the closed load-time-latch class (B15/B19/B32), and it closes §11.101(f)(iii)'s D8 leak: the model position no longer depends on a display flag.       - **PRESENTATION** [`ModularBody.hpp`/`.cpp`, `ModularSystem.cpp`]: `inheritedScaling` is PUSH
LIVE-ENTRY	5.28	INTENT/5.28.md	B14	LIVE-B	3166	r and never updated in the github repo [vixy, investigating].  **[ID-REUSE NOTE 2026-08-30, §11.179(i)(M4) (F59, supervisor-enacted at acceptance): this entry's number is a REUSE — the retired §5.28 (B14 `rot_pole_w0` axis defect, decision A33's referent) lives at `INTENT/archive/5.28.md`. Pre-2026-08-04 citations of §5.28 mean THAT row, not this one. Disambiguated in place; neither renumbered.]** 
LIVE-ENTRY	5.28	INTENT/5.28.md	A33	CLOSED-PTR	3206	vixy, investigating].  **[ID-REUSE NOTE 2026-08-30, §11.179(i)(M4) (F59, supervisor-enacted at acceptance): this entry's number is a REUSE — the retired §5.28 (B14 `rot_pole_w0` axis defect, decision A33's referent) lives at `INTENT/archive/5.28.md`. Pre-2026-08-04 citations of §5.28 mean THAT row, not this one. Disambiguated in place; neither renumbered.]** 
LIVE-ENTRY	5.5	INTENT/5.5.md	B27	LIVE-B	105	# INTENT §5.5  5. **Hardcoding keyed on `englishName`** — **AUDITED + KEY-DESIGNED (2026-07-22, §11.73 = B27 steps 1–2); emit/consume → B25/B24**. Any body named "Moon"/"Earth" with `hardcoded=true` becomes EARTH/EARTH_MOON; TODO exists [stated: ModularObject.cpp:68]. Full site inventory (all six hardcoding
LIVE-ENTRY	5.5	INTENT/5.5.md	B25	ARCHIVED	136	# INTENT §5.5  5. **Hardcoding keyed on `englishName`** — **AUDITED + KEY-DESIGNED (2026-07-22, §11.73 = B27 steps 1–2); emit/consume → B25/B24**. Any body named "Moon"/"Earth" with `hardcoded=true` becomes EARTH/EARTH_MOON; TODO exists [stated: ModularObject.cpp:68]. Full site inventory (all six hardcoding classes, whole-tree grep) + pe
LIVE-ENTRY	5.5	INTENT/5.5.md	B24	LIVE-B	140	# INTENT §5.5  5. **Hardcoding keyed on `englishName`** — **AUDITED + KEY-DESIGNED (2026-07-22, §11.73 = B27 steps 1–2); emit/consume → B25/B24**. Any body named "Moon"/"Earth" with `hardcoded=true` becomes EARTH/EARTH_MOON; TODO exists [stated: ModularObject.cpp:68]. Full site inventory (all six hardcoding classes, whole-tree grep) + per-si
LIVE-ENTRY	5.5	INTENT/5.5.md	B25	ARCHIVED	648	adow default → EXISTING `shadow_color`; EARTH_MOON → RETIRE (0 new-path consumers); Sun day-length → `isStar()`. Exemption = `*_special` orbits. No product code changed here (consume co-delivers with B25's emit).  **[SUPERSEDED IN ITS MECHANISM 2026-08-29, F47 §11.163(c) — this row describes the PRE-FIX tree and has done so since 2026-07-25.]** Both clauses above are FALSE at code `d6aec251`: ~~"Any 
LIVE-ENTRY	5.5	INTENT/5.5.md	A1	CLOSED-PTR	1421	— gone, and the site now carries that TODO's RESOLUTION (`isStar()` vs `getSystemStar()`, argued at the site) [observed: `ModularObject.cpp:72-80`]. Every §11.73 Tier-A key is LIVE — `sidereal_time` (A1), `shadow_color` (A2), `isStar()` (A5), `surface_model` (A6), `trail_length` (A7) — and Tier B landed as `light_source` + `primary` + `shadow_exempt`; delivered by **§11.91** (A1/A2/A3/A4), **§11.107
LIVE-ENTRY	5.5	INTENT/5.5.md	A2	CLOSED-PTR	1442	now carries that TODO's RESOLUTION (`isStar()` vs `getSystemStar()`, argued at the site) [observed: `ModularObject.cpp:72-80`]. Every §11.73 Tier-A key is LIVE — `sidereal_time` (A1), `shadow_color` (A2), `isStar()` (A5), `surface_model` (A6), `trail_length` (A7) — and Tier B landed as `light_source` + `primary` + `shadow_exempt`; delivered by **§11.91** (A1/A2/A3/A4), **§11.107** (the tail), **§11.
LIVE-ENTRY	5.5	INTENT/5.5.md	A5	CLOSED-PTR	1459	TODO's RESOLUTION (`isStar()` vs `getSystemStar()`, argued at the site) [observed: `ModularObject.cpp:72-80`]. Every §11.73 Tier-A key is LIVE — `sidereal_time` (A1), `shadow_color` (A2), `isStar()` (A5), `surface_model` (A6), `trail_length` (A7) — and Tier B landed as `light_source` + `primary` + `shadow_exempt`; delivered by **§11.91** (A1/A2/A3/A4), **§11.107** (the tail), **§11.118(c)(d)** (D27'
LIVE-ENTRY	5.5	INTENT/5.5.md	A6	CLOSED-PTR	1481	Star()` vs `getSystemStar()`, argued at the site) [observed: `ModularObject.cpp:72-80`]. Every §11.73 Tier-A key is LIVE — `sidereal_time` (A1), `shadow_color` (A2), `isStar()` (A5), `surface_model` (A6), `trail_length` (A7) — and Tier B landed as `light_source` + `primary` + `shadow_exempt`; delivered by **§11.91** (A1/A2/A3/A4), **§11.107** (the tail), **§11.118(c)(d)** (D27's split). **B27's §13 
LIVE-ENTRY	5.5	INTENT/5.5.md	A7	LIVE-A	1502	Star()`, argued at the site) [observed: `ModularObject.cpp:72-80`]. Every §11.73 Tier-A key is LIVE — `sidereal_time` (A1), `shadow_color` (A2), `isStar()` (A5), `surface_model` (A6), `trail_length` (A7) — and Tier B landed as `light_source` + `primary` + `shadow_exempt`; delivered by **§11.91** (A1/A2/A3/A4), **§11.107** (the tail), **§11.118(c)(d)** (D27's split). **B27's §13 row records all of th
LIVE-ENTRY	5.5	INTENT/5.5.md	A1	CLOSED-PTR	1600	E — `sidereal_time` (A1), `shadow_color` (A2), `isStar()` (A5), `surface_model` (A6), `trail_length` (A7) — and Tier B landed as `light_source` + `primary` + `shadow_exempt`; delivered by **§11.91** (A1/A2/A3/A4), **§11.107** (the tail), **§11.118(c)(d)** (D27's split). **B27's §13 row records all of this correctly** ⇒ this is a §5-row-stale-against-its-own-§13-row inversion, a THIRD shape distinct 
LIVE-ENTRY	5.5	INTENT/5.5.md	A2	CLOSED-PTR	1603	 `sidereal_time` (A1), `shadow_color` (A2), `isStar()` (A5), `surface_model` (A6), `trail_length` (A7) — and Tier B landed as `light_source` + `primary` + `shadow_exempt`; delivered by **§11.91** (A1/A2/A3/A4), **§11.107** (the tail), **§11.118(c)(d)** (D27's split). **B27's §13 row records all of this correctly** ⇒ this is a §5-row-stale-against-its-own-§13-row inversion, a THIRD shape distinct fro
LIVE-ENTRY	5.5	INTENT/5.5.md	A3	CLOSED-PTR	1606	idereal_time` (A1), `shadow_color` (A2), `isStar()` (A5), `surface_model` (A6), `trail_length` (A7) — and Tier B landed as `light_source` + `primary` + `shadow_exempt`; delivered by **§11.91** (A1/A2/A3/A4), **§11.107** (the tail), **§11.118(c)(d)** (D27's split). **B27's §13 row records all of this correctly** ⇒ this is a §5-row-stale-against-its-own-§13-row inversion, a THIRD shape distinct from §
LIVE-ENTRY	5.5	INTENT/5.5.md	A4	LIVE-A	1609	real_time` (A1), `shadow_color` (A2), `isStar()` (A5), `surface_model` (A6), `trail_length` (A7) — and Tier B landed as `light_source` + `primary` + `shadow_exempt`; delivered by **§11.91** (A1/A2/A3/A4), **§11.107** (the tail), **§11.118(c)(d)** (D27's split). **B27's §13 row records all of this correctly** ⇒ this is a §5-row-stale-against-its-own-§13-row inversion, a THIRD shape distinct from §11.
LIVE-ENTRY	5.5	INTENT/5.5.md	B27	LIVE-B	1673	model` (A6), `trail_length` (A7) — and Tier B landed as `light_source` + `primary` + `shadow_exempt`; delivered by **§11.91** (A1/A2/A3/A4), **§11.107** (the tail), **§11.118(c)(d)** (D27's split). **B27's §13 row records all of this correctly** ⇒ this is a §5-row-stale-against-its-own-§13-row inversion, a THIRD shape distinct from §11.156's stub↔entry class and structurally unreachable by that sweep
LIVE-ENTRY	5.5	INTENT/5.5.md	B5	LIVE-B	2130	 **Residual, and why the row was NOT closed by F47 [derived]:** every surviving `englishName` sniff is OLD-path — `observer.cpp` `isEarth()`/`isSun()` (→ S8), `inGalaxyModule.cpp` anchor `=="Sun"` (→ B5), and `core.cpp setSelectedBodyName` (§11.73(f)'s F1), **which is §5.98's own site — the two rows name the same code** — or is `type`-keyed rather than name-keyed (A8/A9 under `compose = deduced`; `t
LIVE-ENTRY	5.5	INTENT/5.5.md	A8	CLOSED-PTR	2297	yModule.cpp` anchor `=="Sun"` (→ B5), and `core.cpp setSelectedBodyName` (§11.73(f)'s F1), **which is §5.98's own site — the two rows name the same code** — or is `type`-keyed rather than name-keyed (A8/A9 under `compose = deduced`; `type = BODY` on composed nodes), both SUSPENDED on B27 as user-visible semantics. **CLOSE-CANDIDATE proposed to the supervisor**: closing asks whether the old-path surv
LIVE-ENTRY	5.5	INTENT/5.5.md	A9	CLOSED-PTR	2300	dule.cpp` anchor `=="Sun"` (→ B5), and `core.cpp setSelectedBodyName` (§11.73(f)'s F1), **which is §5.98's own site — the two rows name the same code** — or is `type`-keyed rather than name-keyed (A8/A9 under `compose = deduced`; `type = BODY` on composed nodes), both SUSPENDED on B27 as user-visible semantics. **CLOSE-CANDIDATE proposed to the supervisor**: closing asks whether the old-path survivo
LIVE-ENTRY	5.5	INTENT/5.5.md	B27	LIVE-B	2382	 F1), **which is §5.98's own site — the two rows name the same code** — or is `type`-keyed rather than name-keyed (A8/A9 under `compose = deduced`; `type = BODY` on composed nodes), both SUSPENDED on B27 as user-visible semantics. **CLOSE-CANDIDATE proposed to the supervisor**: closing asks whether the old-path survivors belong to this row or retire with old — a semantic call, therefore not taken.  *
LIVE-ENTRY	5.5	INTENT/5.5.md	B4	LIVE-B	2811	supervisor at F47 acceptance [fable].** The scope question the proposal held open is answered by EXISTING convention, not by a new call: old-path-only members retire with the old path (the session-12 B4-row precedent — "old-path dead code, retire-with-old class"; reachability is the mint criterion, §5.79). Every survivor keeps a NAMED home that predates this closure: `observer.cpp` `isEarth()`/`isSu
LIVE-ENTRY	5.5	INTENT/5.5.md	B5	LIVE-B	3064	ld class"; reachability is the mint criterion, §5.79). Every survivor keeps a NAMED home that predates this closure: `observer.cpp` `isEarth()`/`isSun()` → **S8** · `inGalaxyModule.cpp` `=="Sun"` → **B5** · `setSelectedBodyName`/F1 → **§5.98** (same site, still OPEN there) · A8/A9 `type`-keyed → **B27** (suspended, user-visible semantics). Nothing becomes homeless; this row's own mechanism — NEW-pat
LIVE-ENTRY	5.5	INTENT/5.5.md	A8	CLOSED-PTR	3140	a NAMED home that predates this closure: `observer.cpp` `isEarth()`/`isSun()` → **S8** · `inGalaxyModule.cpp` `=="Sun"` → **B5** · `setSelectedBodyName`/F1 → **§5.98** (same site, still OPEN there) · A8/A9 `type`-keyed → **B27** (suspended, user-visible semantics). Nothing becomes homeless; this row's own mechanism — NEW-path hardcoding on `englishName` — is measured RETIRED at source, per the super
LIVE-ENTRY	5.5	INTENT/5.5.md	A9	CLOSED-PTR	3143	AMED home that predates this closure: `observer.cpp` `isEarth()`/`isSun()` → **S8** · `inGalaxyModule.cpp` `=="Sun"` → **B5** · `setSelectedBodyName`/F1 → **§5.98** (same site, still OPEN there) · A8/A9 `type`-keyed → **B27** (suspended, user-visible semantics). Nothing becomes homeless; this row's own mechanism — NEW-path hardcoding on `englishName` — is measured RETIRED at source, per the superses
LIVE-ENTRY	5.5	INTENT/5.5.md	B27	LIVE-B	3163	tes this closure: `observer.cpp` `isEarth()`/`isSun()` → **S8** · `inGalaxyModule.cpp` `=="Sun"` → **B5** · `setSelectedBodyName`/F1 → **§5.98** (same site, still OPEN there) · A8/A9 `type`-keyed → **B27** (suspended, user-visible semantics). Nothing becomes homeless; this row's own mechanism — NEW-path hardcoding on `englishName` — is measured RETIRED at source, per the supersession block above. Reo
ARCHIVE-ENTRY	5.28	INTENT/archive/5.28.md	B14	LIVE-B	170	# 5.28 — archived 2026-07-31 (INTENT.md archival pass1)  *Moved verbatim from INTENT.md (§5 entry; closed, read by no open row/decision). This file is the entry.*  28. **B14 `rot_pole_w0` conversion targets an axis 90° from the texture convention — the IAU meridian lands on u 0.75 (mesh x̂) while the shipped convention is u 0.5 (image centre); Iapetus/Amalthea/Proteus re
ARCHIVE-ENTRY	5.28	INTENT/archive/5.28.md	A33	CLOSED-PTR	856	ame axis the conversion targets.** — ~~**OPEN (found 2026-07-24, §11.101(b); fix belongs in the conversion = ONE authority, code layer, NOT the 20 bodies' data; changes shipped-body output ⇒ gated on A33)**~~ **UNBLOCKED — DECIDED [vixy 2026-07-26, D22 → §11.113(a); A33 CLOSED]: fix in the CONVERSION, ratified.** Derived sub-answers, veto point each: (i) `u = 0.5` (image centre) IS the intended conve
ARCHIVE-ENTRY	5.28	INTENT/archive/5.28.md	A33	CLOSED-PTR	923	1.101(b); fix belongs in the conversion = ONE authority, code layer, NOT the 20 bodies' data; changes shipped-body output ⇒ gated on A33)**~~ **UNBLOCKED — DECIDED [vixy 2026-07-26, D22 → §11.113(a); A33 CLOSED]: fix in the CONVERSION, ratified.** Derived sub-answers, veto point each: (i) `u = 0.5` (image centre) IS the intended convention — the texture set is NOT re-registered to IAU; (ii) the `+π/2
ARCHIVE-ENTRY	5.28	INTENT/archive/5.28.md	A33	CLOSED-PTR	3004	sed on 2026-08-04 by a live mint (`Translator::getAvailableLanguagesCodes` UB — `INTENT/5.28.md`, live register row 28). Citations dated 2026-08-04 or later mean the live row; this row stays decision A33's referent. Neither renumbered.]** 
ARCHIVE-ENTRY	5.29	INTENT/archive/5.29.md	B3	LIVE-B	1971	hoever closes it must carry the same depth write into `bodyRayMarchNight.frag`, or Earth swaps "no depth" for "shell depth". Found 2026-07-24, §11.101(c); it was the measured-defect justification for B3/D1(b), which now rests on a measured before/after instead.)** 
ARCHIVE-ENTRY	5.31	INTENT/archive/5.31.md	B19	ARCHIVED	432	 sweep (`ModularSystem.cpp:511-530`) lacks the `if (!body) continue;` gate its TRACE sibling has (`:492`), and `hide()` never deregisters from `sortedSystemBodies` (`removeBody` is destruction-only). B19's own tick opened the channel by making `distance` non-zero (corrections-are-error-candidates). The TRAIL half was later ratified deliberately (§11.56); the ORBIT half never was.** — ~~**OPEN (found 
ARCHIVE-ENTRY	5.31	INTENT/archive/5.31.md	A34	CLOSED-PTR	787	; the ORBIT half never was.** — ~~**OPEN (found 2026-07-24, §11.101(e); §11.54(i)'s boundary claim was false at source and false when written; old-path comparison is the discriminator per §11.52(b) ⇒ A34)**~~ **ANSWERED AND WIDENED [vixy 2026-07-26, D23 → §11.113(b); A34 CLOSED] — the row's question was one instance of a semantic the answer settles engine-wide**: *"hidden body should behave as if the
ARCHIVE-ENTRY	5.31	INTENT/archive/5.31.md	A34	CLOSED-PTR	855	e); §11.54(i)'s boundary claim was false at source and false when written; old-path comparison is the discriminator per §11.52(b) ⇒ A34)**~~ **ANSWERED AND WIDENED [vixy 2026-07-26, D23 → §11.113(b); A34 CLOSED] — the row's question was one instance of a semantic the answer settles engine-wide**: *"hidden body should behave as if they didn't exist while hidden, and behave as if they never were hidden
ARCHIVE-ENTRY	5.31	INTENT/archive/5.31.md	B19	ARCHIVED	1588	ts/labels, axis, grid, pointer, shadows, occlusion, click-pick) — **this supersedes the HIDDEN half of §11.56**, whose tester-ratified rule governs the display-FLAG gate and is untouched there; (iii) B19's tick retires for hidden bodies into the §11.76 use-site barrier (the mechanism B32/§11.93 already proved; `b19_hidden_tick.py` reads through a use channel ⇒ stays green and discriminating, re-verif
ARCHIVE-ENTRY	5.31	INTENT/archive/5.31.md	B32	ARCHIVED	1673	he HIDDEN half of §11.56**, whose tester-ratified rule governs the display-FLAG gate and is untouched there; (iii) B19's tick retires for hidden bodies into the §11.76 use-site barrier (the mechanism B32/§11.93 already proved; `b19_hidden_tick.py` reads through a use channel ⇒ stays green and discriminating, re-verify rather than inherit); (iv) unhide IS a use — computable state reconstructs, accumul
ARCHIVE-ENTRY	5.31	INTENT/archive/5.31.md	B39	LIVE-B	2535	 body from the RENDERED universe only, never from the command/structural surface (name lookup, reference/anchor role, selection-by-name), and *being the reference is itself a use*. Implementation → **B39**. — **CLOSED 2026-07-30 by B39 (§11.117): the root the row itself named is fixed (`hide()` now takes the parked subtree OUT of `sortedSystemBodies`, so the line sweep — and nine other contributions 
ARCHIVE-ENTRY	5.31	INTENT/archive/5.31.md	B39	LIVE-B	2567	 only, never from the command/structural surface (name lookup, reference/anchor role, selection-by-name), and *being the reference is itself a use*. Implementation → **B39**. — **CLOSED 2026-07-30 by B39 (§11.117): the root the row itself named is fixed (`hide()` now takes the parked subtree OUT of `sortedSystemBodies`, so the line sweep — and nine other contributions — never reach a hidden body), me
ARCHIVE-ENTRY	5.37	INTENT/archive/5.37.md	A39	CLOSED-PTR	1572	 of 66 recorded applogs contains a `Params :` block. — ~~**OPEN, FIX SUSPENDED (found 2026-07-25, §11.109(a)): … ⇒ DECISIONS_PENDING D29**~~ **OPEN, FIX AUTHORISED [vixy 2026-07-26, D29 → §11.113(h); A39 CLOSED]: option (1) — repair path AND parse in ONE commit, the parse first inside it.** The 17 systems light up (empty on this install; a delivery with content arrives populated), and the answer adds
ARCHIVE-ENTRY	5.37	INTENT/archive/5.37.md	B40	ARCHIVED	2183	uppression — plain (1) stands, the ghost anchors are accepted as benign and are what makes the 0-byte corpora noticeable. §5.38 still rides on it and is fixed WITH it, never after. Implementation → **B40**. — **FIXED 2026-07-30 (§11.115, code `2e54be6f`, ONE commit with §5.38/§5.39): `loadGalacticSystem` owns the directory/file join once (the separator belongs to the join, not to the caller), so `cor
ARCHIVE-ENTRY	5.38	INTENT/archive/5.38.md	B40	ARCHIVED	1732	-either-way) ⇒ zero behavioural change there; a field file with `radius  = 100` starts working, which is the author's intent. Re-measure those seven before/after rather than inheriting the claim. → **B40**. — **FIXED 2026-07-30 (§11.115(c), code `2e54be6f`, same commit as §5.37, parse first inside it): the seven were re-measured, not inherited, and the fix was shown able to FAIL — a staging binary wi
ARCHIVE-ENTRY	5.39	INTENT/archive/5.39.md	B40	ARCHIVED	2299	e frozen-data-tightening dilemma survives: nothing rewrites legacy, and the tightening's blast radius on shipped data is measured zero (six inert + `[Sedna]` dropped either way). Implementation rides B40 with §5.37/§5.38 — one parse authority, the loader's rules, used by both.]** — **FIXED 2026-07-30 (§11.115(b)(d), code `2e54be6f`): the authority is `src/tools/ini_line.hpp`, used by FOUR readers (th
ARCHIVE-ENTRY	5.45	INTENT/archive/5.45.md	B40	ARCHIVED	1387	corpus is well-formed (18 sections, all three keys each), so nothing is broken today; a paid galactic delivery with one malformed section refuses to start the product. — ~~**OPEN (found 2026-07-30 by B40, §11.115(i); NOT fixed there: the task's boundary is record-don't-fix, and "skip vs refuse" on paid data is a user-visible semantic. The shape is barely a choice, though — the same function's own anc
