71b6fe51109fa267fdd0114f32051bcdb4739fd6	fcc277c9f837a0adfa444b991efb3837f1ac49ea
48cc372771f37ad07130e502819dcd83b0c0cfdb	7ceea976aff9cd920e94929c95bb54dc195e8d5f
318c0c8b079389ce17b2b47f5013e9d9c6d6e13b	2853359865edd3a4d7f948eb7e95b7aa512e1e06
a30b2c75f953a899a5c48637921b6c9a11adaa8c	3ffea018e49a7d475158444bdcd000c158dacbae
ead2d4784fc1205df4ceee2c523419cef4142733	e1186d3ad1bc4e5d044a3e33348934e939d6faae
474c595d275a28b5c1d25391845dafbd7df5b512	4cd0013994864da614236b53a47c1af6e9880ba0
1af7fa480de2483bd045fe5028093b7cb96b58ff	01adbb30c047cdc3222eaded005f0582952eca08
22499f04df726db7cf5f7f304634d9d09f279b7c	61da4edce28893815bc2ddcd2eb42ba26541a888
24100461bb4aec5bea95ef02a2b4d50af7d7320b	58655d7a2246c1cd1450755bf9944f4d3b286c2f
a2a880ef7ac303e9b0933142b36e3a2b68311f3a	7509c8095d9366a8e86dbb6656700c36f9a0177a
5a1e5749cb06a197acbc7f62cf8f1d039e37201f	012105d684b8ddb743c51f1b085840fa92089f72
0b46a63f37981977c6f9c7f3001e2014b24a23c8	e3e6d34698bff6cd69eefff997e0a55a434a053c
1d839b9d2b584bbdc15b2b1df5186aa888e31ecd	d467740d78c1a5db20959e2d67e1c904ddeaf055
a2fd3c5bf4a3c0d57a1c5ee8859d6df722b222b0	4cb2e298385f09a90921238030c02a8757970077
d260d89c59cd7e4072462a7753d614bc2181be44	c4117d51bb53469cef233cae6f77ad9e804c1df3
32af2efb40a2f9d3d05621aefeeab1ae0fdf4d9f	f4ceb208de085dd582fb5c014cc6435b59026dd0
a4a7c226b3dcc4c4588c10b523560666d7773a7f	e864a4b6d8b8e5d4e513bdabcef7061a766246e7
9e0f1e931a8888b0654b5f3d0518fad070bd3e82	b223ef565dc464d7fc032bfeb78ab0adef25d94b
1cbd6780451cc0610f69290bbc101202260e0b23	33be7cb66fc0db503818fbf594c203712df18dc8
03c85734a98126df33d06175b93260fe8314767b	1270c8e9faafa7857620eef838c9ff605f654f25
c67844908b84777ed867b689007b309cd6fc1a1c	ba9df31fe5c09be4082c4a7375e5041085638837
85cc2785e4a8cb87ae1194108fac6cf3493587b6	d33bc14fd4dbcde7d04ad042da4553932418250c
befe7a5d7d7e93114a6f777335471557e5f3fd84	c43070db97628892a3aa315eda5ea88d4d8f8f39
ab212f0d468536afa818915c02392794b8eb48b5	fa6c77bb97d2b81027f3977cdc8c84c2df95792c
3f3f7726ea0dd4b0dcb9e753c09f9207bba133da	e1bdafa966a4747e50ab4884ea8c22d4c13812f8
4b633b8a01aa7eeb78e1d579a63fbda1b651b835	962774d1ac2cfbde1d57763176924f9c65eac2bc
ba7a32a8f9f4e91c7c37b04473832596d53a51f9	8d41fbe31b12dda71b1547e23155388e36181f94
8eeffb9d53e0833e7c83de0ce5bfb97fa5cc63dc	41088a541f1042c3a0fabcccfffd58fdb77bd8da
e3afca8f3d5f0e6fab8f13f3da627f06271c3b3a	0a1cb3e7ac5bacf53257f1527e9beac973c516d2
7b227ed69fdd1e5e6ff26b6513c1dd2b1d6dfc0f	83ae4e91105897fb91618cfa157f45f082938c8d
b00abd116e792e049154dbb615919d3e532484d7	a8d4aeb818682e22224469b26166917903f6628a
54a2b8444ed81778dcb376f9ca832c2d80f0cb58	b45d3b58da6428cb7b0e1f35ef92dbb521cd932b
9a3b7a555e7ea7cc989cec41e0e7db56e1db0e7c	02cafb9734c5ceb75f771aa9a9d70035d52999eb
1014e5a5c47fc663e33a844cc6b61d2c9d1f0b59	92c81df7e3ce740165de8f33a2ef90875c00521f
96cfc352fb24a5eb984dfbb7aa2aae036e2b5587	9620a75817c13a2e57cb4a2396c5f67081b56fa7
94f2af6592fd56fb73fd6478ddf84c534ab0444f	51cd2eaa354a31c19cf772a65a87e0eeef6e804d
501856637568d8096d5f22e22f8837e777e97376	fd8fdd911c711b8d3022c56f717a63ba39647f25
d64fd437ccc664f8dddf5b239df98f9aed178fea	71ef30ac40b8aae970d34437551957a9894b1b3f
1012c643b3dabcdb657097b0251c2ae1c052ae93	cb521cf17547a565aea6e059f66d273f505d8f25
630b06fd718d5ab06e62938b847a4cf099e13b35	d117870c12b30460c9add230114857745d5a6bd5
be2ddd819b74c620c548dc3bbb51b9e1f629ecad	c807d695e9b83f4e6abbfca91b0c1a057dceb525
423cbe238f29029ca26edb1cf7bec76c82afa950	dd815ab3c0362895d7eacebd10da209a5356ca5b
e2c8477ba32e0e191ec4121cd2bca6996a2cb2fa	97378bfe1584aa2db065a63af38e39f046046713
51cfc24d580c23b9fa5775a3f4880d4cbd5cadbc	a5ad3fe6500c069e91995cadd9b93f8fdc64005a
5d3d577f830868138af84538269fed06188fb932	3ee4fb9a6280792a17f55bbfe4974bc1d6d4adbd
4bf3f6cbf98f435d39a55d35ab9fedcdb9b5278d	f6b90fb7583252a4b72503a490a3dcd854ec9a10
7b78229d5d675208100c088925d37fbb6360cd5e	a2a020d9397856f7a68a4cea35fb365d5dbec1b7
917b0e2bea684be23a2d271b12d8a6cab17f8b18	64d628a0384735b01d6cde478d3faa00be30e4d0
8a5c7ce3a63677d4db8b5df2fcf5f1e6e264c900	b6c806e33695a6053d79b7b9d3954c90f4f18813
584edade07de4e9e76c79ebf155b1242949182fe	d90f590927dbeb691da4ebd42eaaf8d0b45886ff
116f6d198db948f2048cfa635ced7953ddf86bc5	9ff8c781965fecf374bacd749915624151fee4b1
fbdf1d48e138ee11a6ec0ac9d8903c634b10d76e	2ffb69ed2d5d1fa610dda65d318f2bff5d2e9ef6
170ce6151a92645e59bd89455243c655f720f600	a0dd6023e4c878f5c28445fab1aae96e5ce62c72
ac3e752e87fb3067909a4c6ab744a94aa67c7c19	650e28100a6f4d5a2e2952be1a69b450d85631d2
1ea75d0dabbe2400a5607af1fd30de74a15d5af3	3031f28b98db90865b2718c9737f75720c42f8f0
a3e44b647fb9315ada1ba06490cdd51b3893406c	f3773bdaffb91c848bc046ac4bc904a0341263ca
4c70f2aa23e7129248fdb264dad21ac718a83ad2	a1bd65790a77c202bf1ebd2a838114cd2e4f09a1
99260e288e09439edf7a2843a59fdb593256aed7	7507c17511bdbafd7667976b6fd10ff500c71445
cdda1ee4904f2e2186287b82c9e00fda0f0cbed7	437144be0d2949c6419419ab6aa51efbef48ba08
4a00cf316f7c2da3a7e081ea3a2c644cd24c87ca	6d8fe6c9d505859b48e80e9a139177d03a38882c
2b8ec034dd3969290da1c17096f1247a6bd2f12b	c589d1b2a0e8decc9f1d9721fd92cafa39b93785
7fd5ea7521125754a968971a5dbb0a5b3d1f85ec	4141317ae8f5845b916cafdba082c46253b0f5a1
3d9179d25ca74018f30b15982825f12d81372978	6626466f92fd56d73ae9bb29a8d54dfc4af20b75
a3437670f992ca40f678da61d9303bca202c9648	02bc028eefa909e8bc8d895801da9e2b944ca73c
2fe146995057ed7877eb14dfceb6286933d7f3f7	44222509571a8115e9afd335304e4bdd2b6f7c8e
6a4d184b81f6ff756fd7cfa907612ecc66cc8d0d	1d31282596d00cae7f565f4b445fa946c38f3dbc
d6aec251a561598e57a579fd1a9ac300e5bd9bcf	3ccfc6d8acaea60f0a598eb4733c68ecfd8936e1
742cdc82b75fd93ea162a034caa1b0a57c8c77a6	bc3f2cbb7d4169da6873a1dbd9c8933b01bebee6
18b6f13fd5b06e9e557ac7103aa66dd5c0f34466	cf478893a8a162f530779c7a03264fba476c2c5a
7ef11aca8537cfd6b161fae426d927f5d5fbe749	d1a6be7cb0b4619c4e72223543fd82e9c6a0cd35
8c2cbf618b861da320286ef571f30321296acc9e	eb36fcc03c0002cc8fe57f9965599e8d6f34ac34
fd98c8e97c3ee1a36c4ab8b77fd073c50e3868d8	c7563efa04248cc683c6a4ff4e27b6dd2b22a6e7
b444d38103ebbff4f31006f9b13252d4fcd50585	29465185a3cd96ab0e98b45d43a9876765cfbc5a
f0c8ef83f089a886fba46929f34c9e5b0970eb06	30ea1f8dadcc36c3f46fb25275addb3962c9540b
70dee810c956d8e4ac5a0863fb1e62c3cc1d5eb2	ff3d1d94fe0417e0d8ff951628d783c39fc92c6b
430b0e6a5b347e691673c7b0bf5916a1a309ba41	b80dd6a35d884baf0b3fe3b627da7224fc23f428
a0593affd5aa2c88c9171cf34ee00d7983bbd2f7	8a74e81a12840b958b967bb6eabbef08602a6e23
04ae1d3edc27b86dcffc0715cdc33ccb1e549edb	eb11432e2160f44b236de29ac243bc7e249dda6a
c12ed8036dd89eb513ea414fb47760a2a907fcd5	26fec653b6e3d3bcfa8f4904adcc61c60415debb
204d402e2af3977704f64d66170536fbd6e61c2b	7a44af3eab040999ba23c38c216b6e1eb9b5201e
2fc0ce64c73457e0e643ce65013c407149f7f8a1	2884d57cd571c1905180f559b7bdfa02226a09a3
71be914537076debf39789ee2416817a3606e9b2	377e9828a340839e344e6ef5fbc9df9adca7b7d0
bd3f71178923f19334a3b4b4591319376c7e1bf5	b78d65499a3b235139e0244e83a71bef7302b972
5b86be0f4b40e5f2c5c6a340e72d0f4b48fd7975	4348a7b9f97c465e7de450490b90ebbd241ec91e
5f68d374e163d12f9158f57cd68e7858a5cc0dff	e5f0889b6ea4a54c19f68bef0403510775f7948b
841175d301301723ec2552d336c68c3efa2621ca	5ad587af7fbd5b1b2ceebdf7fa5531b1b452fc75
