aaef2d1240a3b7c70503654009d2913547a5e5fd	80c17347b917c87c532c1c5febc73e0f506fef4e
af282fb5d1960c829cbc9658d0730d92f3848749	001cbe5c238fd377c53d8aeaee63c9df5215c638
46833ca3d0fc67db62079f7392b98cff5153da8e	f1f585ca2b787e3ab60d9869d98c7b71760a9d18
c7507c702920b3fcf9a575538362b9a97af5bca2	0b94d2a0ca37b4afe086575d5391179175a4bb0d
9a989e9725bc80acc06088247889583f0c42cf5f	57449b40f4c8a3c5a0eaef81b97d7b043a248eac
2b1a911c529d36a3d31e5dc036dd453ee84e0d82	6e8109da2dcc44375da3c58b3ed60f71394204a1
056554b1cceb3f6791514c334d751d0b97b89df0	880cdf595d1f8f75f833766dc0f006f06a95fc47
131a3259153b39c6c224bc508b9506866f938144	9439544f81a3874fe0063adc392db5e6a2c3bd1b
40cf244c35921519f01f004aca22fc8508e70b2a	ef7032e2c52d79e7d8ab837933de6d48d54512d5
404e790e96e9ffb8029ccd525a01f862651c851c	74b3610f373d8d1f82c99d5440894ed931a72d4d
9f3aef6a3b17737d09ec2f867078895154f9698c	758238aa67495e661af05530f85f11808412e418
238e56030cc4ed6ce9d74bad98c09a881bc525b4	1ce7734ab7cddbc43649a57cb2ac61bcea57ee00
ebf5d7e9d300ee210e257c849b4a5339493a2f07	885bf7c16910a3e79c2cbfdd4d7c0975cb978925
74114f59305ac064f561c2b696d7c6bef01a9a0c	d8a2a8697456e7c82632c39e60bd9499c532fc55
517d4c44230df2b07248273fca516ae044fe0bd2	f3f2a1a7a7f20e38f8f5a022f5850b7f7f05dc18
6f5c159558dbd6d4a3785a2c4758c5e77dc70fb1	2be616f77e6d98713bb88e1dc7d339351a36143c
b23b4454b31316ed951aef91bbcdd284f8adaa55	0dcb362cbae4abf5fc86afd486d5f7a7e728612d
0aff5dbb176876ecff93455a07f202a976dcd2e5	3b9ecc907ea01ff3373c95c31e596e3af958b4bb
681cc369369c7c632c68af0df0fd428dc1ac6d9f	294c1bd2572725a41f0c39a90b73cae6d87000c1
a8ed11b2a9ba316bc81a688f0ba4c5d8ad37377a	e8dd930e89db75a0bb4319ffb374596a4b7a61b9
b9f9afcf4d8f6d054e22712de16d334ac5a066f6	8d2939e2e40deb762941101a61aa6f1b6d32919c
e44a819f73ef2012cea21f147a2bf666f0c6a6eb	d7a117ed88c513f9881a4c6ba56761daa28ac510
637b7bc3b11dae473a13c692e18af352aa098e8e	38c77dabe5e38234857ffab3a64f1d0906ebd0db
2179c6895d685b94f6858e350101e6e1099d8fbd	29a4320969b3f6b01c195f40d0d5ad86543893a1
f4e0415259b5e2409ca2e57c629ae8f5d5244a07	4a86720b7801851a02d7da7e9301a3ec1d2f9752
1ad2a1a054d512f47993d382ae4e4a37d210386b	1d28fc4997cbc7215ba544517f8befc103b9f8ed
1ae644f621e745aafd338f00784fcb0daf0b9f6e	3c38b0513f3911d99d6c83b6c0bbe4b8eb19035c
8ccaca28dc0155b0deeaa6f01a203e7eec0517e9	8192ad44b76a49b3fdbe5b3f0447258496dc35d4
8e1cd390c078251245ec726f04b5f6fe644838b0	0f835d868a233ef3f3e16f7009b462ab17639e69
4aa4aece1572e00e4ed2322c65edb731002119e5	70598be9b42c7b5707f9a682ad48dfb9fb226db2
af76c77259de1ab185f08503ce14ec1ee341cb83	800e3a9a2e6623988bad19a5f577a03c9a792416
a00c9094811514e2458c1d7ba1edc23f589c3013	b893acf4a47b4d0e84904a556f0105ccc4a6a0b5
1a894721f25d968517dcb0eac52a8ebf509e689e	17fc2b5765eb1592068db06bce4bafec12f8a179
80ee9d7030df236c4382fcd408cd46b27516e796	4e3b51d6f5a7a5f3e3475638790c769289e37302
acee76b3120e6b514448ddb2d08fcb9cf371b9d8	f272bef2a0250147e71548c30f08bd2cec34b4e3
93cc9478fe5e68a5ccf54d41a6b806d8754c04e9	458c44e5f9212d6b2518ed3164448f7da3d7a17e
8ece79674837e7d890b3669b44b7060efa29000c	08bf87e2dd44a8abf7e45e392d4a9594755d5a8e
7003ffb586b95e9b0a57981a6705233bdc2238e8	a21b9c9356261eb41ccaac8b3d2a2cbe72b665a7
d85ea63675f8931b8e2f9c85959c5e0bdc87e9e6	ceea578a899ce895676e827d42e0814e4c83ee67
a272257fb9775efc46abf622641c415c95f42aae	a776ece1231e7fdbfa9ec924dbc4b7f2dc7bf022
ec275d7951c49e6eaffa08818655405a399ae5ca	526a258d1c48ca9cd639769b64264997212af2a7
5832b279fdd02d4b8413d9558952db93e997fd3e	d1f8fea5e5600e503931b7ac9c1bcd969e87b0d7
fb511cff9ae81d074fb7c00d458a73ac27e3493e	13d9fc07d5fde6579e5d45b2e1d1052b7f83e6c6
a9f38ad813fb51e7ea894fde5240f87d661b18c5	5c0aff6561197f68d42369c61bdb57241db25836
80ee70a1a803a5de76ba0cbdc1d202c402676ceb	2164ecea1f6222a8b9549bd3e671db8ec745ba54
65e225632722635d91993e5306a1ddbe4a5c3558	1e714a72e6e89c5962f483281c9e03c2c205e191
43e9b371c477386f9dac5e2e89e83e7df125c4a1	904d26cebd0c8c28e58db866878fd5de16c7df16
aa997a4968e2c91917a4e24a2b31e99a81db1f8a	2c7f01a6612c81a2ccb3c3d900a35ff5ea2cc75c
e5fb77b9b0e86f590585ad96d116ff8420ed11b7	5850aec645dae878fe1f7e2dfc6bf2148fc28763
8375c10e942468adf5f8b078db29fc996dac513a	2941697ff3a42086ef8bbb3b19c743893413b079
fc01bceef432aa82da3ee8f2711a7c1b0e64891a	d822227eac0737f36b38501a113fca07a017aeee
5bb9b0366b6c02bfc4c7825a4ef644fda8232f4f	39cd16b396ac69feccca0fc47e20f9d38e83ade3
2d21b13d9d2e1f0dff466fe9defdd3f528e09bd6	4ccaae3a7a6ee68f79d1985913925a10e0aeb93f
366a8077d45469b32506e0be3a5979a7a02987cd	664539bf1dfdb9c4694f7d1ab15cf4bbcde6d5cd
ba5dc4baea0d044459516575c4d01b05fd45b8c3	3120441f5a2af74645f5706412f52a28e88210e0
deef236b1aa5dc8d373bc3c4bc1346e8543b3f4a	3ee212398dfeeb70122b06fba98c64f31ba7cfd9
55b6fc80cdb7a192e6d634f5f8f83a7cfa025b2e	2148ace411f549b507f291f2a3affbcc02117670
f3cec53b81ac77533d25fffa6c53d1de0caacfe2	c5b3cced673745997d013133ed443632ba29378a
06dc311ee1e5821fb372a182ee0e5a4ac7f2396c	961d1de28217d4d383668207a7ada87e44f93a8f
9775af8018586aa8fe483396207703223277eabd	bc424e7f93a6cec4761d6f799e9c1c6fda6954ce
fe0960193ed05e83d61d3f071f52f998dd6fff4f	ef5612d52678e477d0ea85de8a23cded27971140
06eec392be636b341c305afba081b9c3b854bca3	bf6bfbe69e852a94e2f60e2c8d321905375e1ccf
805c15735e91aa1a49fd7b65cb0eaa2392e760c2	413e5e01a17a1f4cb0f8c229b23d6e7823840663
ba47f1f7189a54a23ef75cbe966eec865b5b9d19	044ddc20ef8dd620fa8d5e23f5a1444c1405f73d
e5415d79e9854f88ec7b6b8dd86c7dca40ebc10c	71fe4a6555c07519d19223de05b1111383588500
86ce0e54cd756fd43f3f055d416ba342877eecad	b6b118c4c79c91160311568c4d22e9bd975bf218
a67e6d09251ffd71d5faa7d5ffe6b23b15ffccaa	88a7b01aa749c45b3a8626fd49ce62492977d0cc
940ba7889d012b3f462c0739ccb6c88aa0c14dcb	91cf0aadacc13c97255a9e78b02168d53ea4b6ed
29f511a582992ae49b2423aab4806dc9250ea170	7df8df6013ce855380150988df20bf2216307f86
5a2c6085a1cf2e0836ca62db5076888d1dd8dcad	ffa2c4659f1aace7c17482134be323ba052de387
e4a3b0c5d90d33a5591bc312f18201edbcb2a8ed	08820019723039d068ac4741de7cfabb53587482
f1037faad703b154916e3e7b3c42c77623052b7f	68fe3850c72088071be668d0789e8895a8503277
eb6758780b0fa0e581c162bd19de1eaa77caa8fa	977f97544d7ad7fb6701aee29103ffa1857553c6
f94ae75f965e8862bd09d1a78f4f06b091e11674	2648615649a76afdc7f3e8ce85ea4ca58e7ddbd1
2ed8d67403c113e290751b636bd576e5a6df6f6e	295bec409963dcfd14d05ac0f045c80577277f58
23f4df3e7c957921e431bae47aec88e17639f3f6	76ae063000a3ef2e8ce8b5b19f8f89807472e926
8426a16f987384a378de236b19c21b07efc70d99	227189effbd94675b53eb2369e2cafe870e042b4
19304ddacbcc504fb219009c555271ffff510d7b	b0e14f2bb922adf99fe91580e70709434129fedd
675c49f2e78c7dd707c478116cccdf0eeacd4183	6a5ffa2bf6a17cc7575394c21a8705fc21e95a10
253cf1b36aec770fdaf36f203dfd5f39511b2208	26070c977550f7dcec95261512b2ef6d33633a24
82a1f7ffffe63e423ff341026bb33ba45435ba62	77b3ffdfaeed6d557201899c2b2c34cc17f9c878
f4b0d46176bee88df5ff0e62afe03964e1981a35	c4c593fcf0e8780c0e4207ff02e98de7d78ae7c8
95440426cf98683103b437c0355efa946ba527b5	2558e68f0282317787e6659c6c605f91efdbe873
f49c501bec50be22e8433dffa0c9cd9919292f48	21ee57221054b1cf3780f52d0d853e78f030d5b4
e27ff8747290fcc24f35b97e50cdb11406cad0b7	6148ad3b4a98c38e7d53797dc1c3cdf7fa55b9ee
9ba27ec613cdd5ad08ea7b7f2cb11da737558e5e	4c1008989e65ed90b82632d6185efeef7609e0a5
e01814a5301bcf9d49c4e96d3e78d1d1ab198d12	1e801c5467fb0309b8013a9cb7002f3e362632fb
776a59ce9d0fcc5b7010cd30035f21aa5eb27be9	6e830e9e34e48809c6b8c222f8a149034de1b3af
9c662bb40f6434a736248fd28abb5617a3d3bed1	e7c7601bb55c955fc4c46550fa6b3d88f3a96e3e
907c4d2b64bd098e354e16aebc0083c81fcace3a	fb5ce8a9604bccbd7b5e9cde5275e311a37206fa
8a388a02584453044ffdbddb5f5d398e0014cb4f	be507b3914424d64946ff0bfed82f0cbc6ff1414
ae6bcb567b34a5db7c66144fb2f20c89566a75fd	ee31b9f1e62fcd66283c4ffb94790e8de5e6e593
adbc49634a77f2b0c91e1b03e00f73edb5e5926e	7a3309104489a502eb6241329877313158560814
ad067a5b1351679fed088a506feccf1de741d1e6	4709a2ac54cf08caded12d8d15efabb8cdb78bb4
50cf58383930145e01aa3472b248ea25f5516e8d	3c4ed63ba96e9fec366195b59d27d33ff738c0aa
cb6009f37891334bf41fb57c669d0aa3812fc3c1	4929f66d103d651b91968e8ac46dbe59f6d448c4
fcfdd04de4acc08277570ca738523adb7c93f63e	e1d6c8ca062c7fadf3a1aaa2ca80b4148ee64d4b
d9b911e6bf6f3126e7119568ff530151034a1988	9df8e31a81acc5217aef53eb1b9114a5a089e0ce
9438c4124ef530a62413475c3fc60081068bbab2	31c69cd5dc99f81d0a237adf8e2e416fff57f654
deebcfe150a4f4d87b8901b53fefc9b1541a4b5c	8c9241333ed7771c9069ecdfa512ee2a1e81b21f
2e99223b738de80e259454b96e9cfaba8d19689f	b15c29dc6159950c7cf43270ee1f66ed259b3c63
f5c6f75121aa0625ce385177fcdb53ef81d5f4df	170c2f83f2a97889da6237314e3451d6609eda7b
a3a8641de9c6a201e77ef34fbebd30f8d91d91d2	8616e8c62cf2fc7840ed40ec12f283072cd9de4b
8349f955b227e9cf88b1688930d8fd48b4e8bdab	9c135bcc160997aae6566c00fd41f47d3776d48f
3b6e1bcffb1cb111aea16603e5e08412d36bf4e0	a08fd08e141be3e4c2dad6a6956f5cdfc2f1d2a4
d7348baac8d497d1027f8c39b25463b29c26285b	d2358e7b10cb4fc983ce38a15e6a183c52210316
1327ae46e442ae28a86642f82fd828e09355f273	4500793d582b0d01dcf075585e0401f07b35d527
68efa447c259aaf9a3d592eb31a0edb98d991ca0	dccd6079fc1b449c41e4ff46e41598eed2530f16
c074a704305af3e9deeb68e31c847b8f907eeac2	7f334d830b37b2dcd868edc2f68f0b54b01bc1df
a122074d5d432194b062429f4c98605ac4a4b306	00ddfc4360b4e04daf645d71b5105b3f81781144
b01f339d7fa892b14461503e983df30f030b2de1	7f9cbc33b1e0e41698e8c177ce987993ce2606a7
2d193211ef69a4fecb9059ede1e7322c4388b594	1842b81a3479e87a20f28497f9c969d6cf355658
b5073beedd7f963f956d4688e7ea9d29758b6455	3ba78d54d31e3ebaac69234adc5719404f3e369d
7d6395a93fb42ccc3c910ed8a3cda9617e51b7a7	60ce7bb7e64eb0c8e5587f41ae7e1cf1c2a6aa6e
8728a78c84f93d38cb1221b6a0dda78adb20fc2a	d7dbc97ed7ce8a5be198760608988b1b12809453
0ca004cdafe9540a31947c5bf19245e4a36bad43	9d49e4a38aa2e50e230a53c2ddce5a62abc5709a
277320da22c9c0ac1169a6c3f34a9f41817fbff6	aca83d77ecdbe78120a0415fe06cee43fe26b496
052192d40b5c87881e3e7d49967e8bb2fcac4264	8391549cde71be7c2547b2056df6e2f437fdb527
b97c9f197c18636fbf008ff97e93ad90b488d804	ad11e52f6ba0b79a2d7f7fca27a81d84a9080cc1
b690e0334c9d5c2b25d6b23c4a38232cee5df08f	88eb5b22dc848bad1480cb9e7f45a4396bd0250d
b111c878d785012861b53d2ab6c593bcda7800c0	7e82fffd6f7b11a1bc4c658c4f4eac2f26f2d354
5d94d3f7f2db02ea59abfb006c2e0430495ac6ff	a9ddcf5c15e27cd9cd3df41bda96ad6d8e4f7038
fa7104eb328f00a3e322b9c6767fc8e81142d646	256ed2da8aaec798f61c84a816f2c14ef2267406
439828ba77f0a00ff68bee7c8eea91a1026bb905	16b9b13a4134834202bbc09016ee39e0208a3123
9e181d02a1c45628a4b0bcecbc5509193d8907f5	42ade56a7db022d1837bb311d00d99196f7f4379
f336b888d3f264191a03ad4059464cb11470438a	2419bf86ddc44efd688a11bb897366a2cb018dab
7b959ab60c2ea5351928aa1580a170bdc51afd49	f6e4f3ad9e6b737bc501489550410f30f6835e43
8796cbec93569f835352fa514a278f8bc2576110	11ac5d5fc1f0be1cfd12231e620a7e75402c5880
8c9b4d08ae24f6c656965f2a8198733cb56ff8f0	33fe57de4526bd97f73404e2fe37f8c75fc02ad6
83038ef08807ae8b62ca080343ebf344405ab938	4b44811e38f9aa0203d88db60707f4925e12ec8a
223cc21b82f50994fbe92c85c407b65ec4558026	972bef37858fd3770c61c1bd448f40feeca4b76a
78b07242245c7a516eacc58060dcb6c0c71e7309	5c069310c6335d8d508ede5fa8898431641ca9c4
39b66d52d39a24d2617e31782ce47973ac87cd06	aa97ed0195d3c857265047b7c04ff20418942694
0aa7aa25e35c27f3badc79d8a6a36ec58b46d9b0	930970866d0c7b713bc606504fb9c9671c4d2b45
c4e5c9eaf2f9ffcf20e7c35a133bfb42151fa284	5566e2d03e765c3f7f2c36ecf09382494a9d2b26
26728b23d3a0298be6733074df9631173ab1cb51	a2ac93dca26306aaff046a444e541954b1c0d645
73dc9c6122d4ed72eaf5edfb3b5fa1d174f6d6f7	348a868ec1527f01b315aeb0c3a34a622dbef983
5488aa7c7c2d5dc84474e1295038ad1bce58769b	9d6dbff925cce1e6639f6685c2dac1a326fecfd6
ea8f164612a5a7546260a94c0ef0b7d4fe4d852a	eba122423e510ef8fed49a42080fee286ee28edc
0b619b7276abe5878646c0d7d3b57cb953a975a6	821a599443e4084fbfdc3987d456ed087f07f0dd
7fe6d045e299447f2eb6fcaec8c2310f719b4801	277beac95d4988abd3391d3bf81f9e5090877f5b
8a0395bbabf2ac4a49477b3051a8e678a0403f9f	6caff615f857fbf38f4fa6047b261ff08f169e26
1438dc4aaa1d0b2eaf662a40d22ac1c989f18b05	97445cb10bc88cd3c122eda5519f7f38c850c25d
6347cd15a9acbada52b3e254c919f2d72ff16835	4440b9038a4d5344823682bcf7d13e8284efb82d
48a02139214ac484eccaf99f25d4aa9fe4019090	f2af754e5328ea2de15d7e3634c9650aabd988d6
c7bb3a3475bf43b1027bfdbbc6feee88f70ce130	26676b02d00bcf2bbf2ce513dfb44e0929acaa14
8faab9beb0754facd02db3ea9888de17a3e6be12	2bdd392e6e67c8e082a440692b62803b0af42f12
f3271917c0ef996ec266c96161094f7f0ab2015b	ecdfbd45fee67c25b3d090ef66b3905e6d205b14
ebae1aaf5f818a78714f8a00bb5e8af8e3e1a3ed	bebf298c2e9ff468e45b1ea4a499088cd9ce80df
ce378c949190a47012e5abd4f780a0253292aa36	a8111278c45dfd83b80fbca7b0bfbe7a0342cddd
71f28410fb6f5e073a6ddfb1979f5ac5565107bd	bd3dfe344ae20dd0ee4b64ecc03453cc39e3ec46
b75c652437f715f603a9d4be0416c6666ce0fdc2	1fafca63de602a028c1c5d36de1539df5cb9076c
f9280b5b681dd9087bdb8404f9d3b0fed28019fb	1deb25a2daf4ce237dbce203fb8f2f7c64facf2a
4ff1182e6491967d0ded1dbbfab46724d93896fd	eea173416b32809dd8814098f6b6a3a546ef22cd
e9fa7665069953ae81d5be6d5965ab7be8753c9b	40794317fbce0831c54decb20328db36670957f5
58f10f64f603e703f54083bfb8780a770243938b	c7307b2de4598b18ba8fd084d8f2afa5e24aaa2a
68ba423bdff9fe6a1d30a5c9f86a6533afa29356	569efe92e00e4d1c1ea30172ce1df7a5177a9a89
bb611db2ff8556fce2228a0e319ae3ef3494da87	eb1121c2265d53e415cc9798a23857c726f3717f
b45d9348febcb6648699e02ef1a00cbd0e50e3e8	6d766fc26bd8c0aadf7e48a14f8b96110c5195ff
a49d7aeff973f7d15565b446b1fbf8e584c7448d	0f3ac0e81fc6d1a613f85757b961d4f23bccf633
22c9a405ff2c16425039f2464aa74dc50a13e5ba	4478b751cec75941a16a54cc3ecc769b49256064
8341bb61b2f27e944867cdf9ef862dfdbec55d87	f5881494b361f9ef753a259a348c3cdf2614a3d1
2d719dac733b9f2f9dc597e14e8bd6ca340524fe	35cd662c0573419fbcfff014f65e16e2fa9ea14c
20e42c2ef52ef329453abad00184c4151c7a0def	9f19d3133e73addbf301a536ec8af6e3c3f35b3f
1e85d37e1418f7ed6586a9d5b5cb41f8982e8f92	e1e3cf0b958d5430ba6d3aa1b1b82d86e207a79a
668cc2e5d4dfeb67b99babc590cc5673d27343ca	a0d5470330b00ccaaf9b8983b69949e74d6341db
8e8d0dc717933d6ce3516b4e77e76826e91121a9	505e9b39016c1deab85485febfffab9cb677a9b3
9f7b6020fd4fe83b700bf739c437ff03706ab339	a5dd5c00fd24648222de3d973f41c47a08319205
6ffa68149a1eb9a765f933a0d75fbdac467af38b	f4a33d9283f54860183c825c7ae1036de41007e9
1f249aba2245d669d1a827059aa207d4e52fc1df	694e2928b8bc79cab02a1cb31c7225706c65ee89
a610ab12a5ac9038a5e2620f14f51b87b7efaf00	8ba5cb6d1f18044194deedd3dd4b5b72d2cfa5c2
a1a8ba5d810a9cd1d36e01e4244ec181da1feeb4	4cb5dacbe3590a68a71f677b1b5f4144ae1f11b1
d7992eeb19720dcdbf25114850add1495fda39a5	4658adc4e4487ff9e2704376b358f1df2be7c48e
c8efac3e0c4cdfa2fa2348ee87550dc963bd8c38	4798def679a99474012bb22112f16d37850dc1e5
10d6df0da53fc5dcde9def4d1264dfae955c2455	1dd2633b9edfbf7d57f75504e69c38bc1c8a397b
d9025ddd62efc873a3d2dca079ac9a9f9c3c88ad	47ec74ac42ce88e26b3b571228d9052c4bbbad4f
9bb8b0d535a41e1daf4526fc877cf9ee6d7aa824	8788cc92f14ab6db35895a9b6298896bb027c318
ef56580bd266ea84787d25d6988411373b751aae	8f1f23a7667ef740f084297302757fa3c0bf8816
d264546df2605ac087f7d03d97eb87a4b677d3e6	60e4e1541ffc954b8c3aa911c325c24ba57ef951
846cbeb2302f5bc8366c76d1edc680ff6b1d4e87	d65d44aab259ad368edb46d760e0da83ceb56afa
6594960db5ff8241bef9137828bdf5050aac32d7	f943de808996318f94bec8d96bb89d033f3a1562
6045ea48bdf9fadbaed7cd7039a9c36f1810e4f2	14ef888277655deacbe1f9fc0526c258cd21ffb9
3a5ce8f64d0b4d30cd4c74681d38c4c911c25b74	edef741e8ba9aa5ea4eaaaf2b8424a1f467e0027
7852ce5e4125b78082078c410ca585d880117978	714c094cfa83dec3f906e6f64afa0ddd1211b888
b7242d3a04a2dea698805972a3a37399d3eec3d6	06a3f937d4b5bbfe9917556e7bf11f3eba8fe2a7
8036720fceb20bb9bfff995f039727c9a44040da	52d18e9ac3caa45f66489760238ceaa78bf37454
b3d29f8b9ff32d26a73abc22e726771f1928286c	0d9a676c7a7463244fbdb9dcb3a31f97f13b653f
9b91cbe74823badd6af07087ec0844414015932e	3efef60d4550a96641a3a195f95de02f344c223a
6a3b0829e18f2389e48a058bb4a9db7a1e903382	02bbeaca4e1086d5a390d6a680cfb39de23fb69b
7228694cf952065f78195bb017d5d72259a6a5f6	18bb4ce1c22cf5df774e05db4c100f59affec593
e9ad58ce290a9388b71b073afa7699d2d96ff8f5	31ada3a6e9adc4ce5c209aeae6cafe9ef1f55545
bea27ddadfca6f69a7fe7adef7bf83d6c9ca704c	d907e4334c02d347633ae5619e276684ef21dfef
190ced4f6bac29bf9d2d4d25a0e2f09c93cc6db7	54e75c89aa8eb859a4e65a0d8a964b8d2ce5a0a2
0ee6ab7e021d35815e81cca283f892aca4cc18f5	da413beaddb71176cdd30b3ea69a7ee2a5905fa4
4fb22f1321c0afc1628a588c4f907be292dd773d	6dbca5c86ec72bcaff83a847dbc1ffeefd073363
367f2d179ababcbe68473c57ae10cc04f88288ac	7768fb8e5b3c8a3dbeffd7b87b7302025a5cd6b9
6ffb01752017c937587a0ca152615d710d744413	1e6ca60ef35df8bcd2d8e446a71ba29ab2452a43
d6c7ec6d171e8a6969e07af2ba5d21064c2dab0f	33b1b7b2ff7faa6a7d1ba1b0348531a20a5d35c7
77a98e96b7e41669d81eb7d1516121d86f970547	985c4a0991efdcaec378686dbb99a8e31f8ed0f9
1a8b129fa7a27d0719ce50b50abf6cf9770fe47c	b762a3211a9588cf38aa19498951ac742269e5be
abfae856403e1699828648f1d923a9d82f165d22	d4510b58c42add6931dd3509ba363bc11509c3a5
db438e50a01cab1ca0fcb44a357abf8d2ef70584	1a3a7b7e87df97703b532db68f2f7671b45c267e
51c77fc8e741f214e3a1a905c91d25b53152e6ab	ad70ac0e4fc551d9d42a1008119c18ce811ee869
90db7470e4a232ffaebdb9ca2dfa4c165d13acfd	e75ea8de277e6a45f7bda3be334cbcf475114567
2db0267f548da7eb08fa644dd19663727e6abb56	ae64476c186a14d211dd4ca729d4ee2978e80721
adb341aeb7c64deff45176e01ceb7ebcd6eaf7cc	609f85db8f20df000d7891989990820dd08f2b77
1ccd16479fcca465e3d6bdaeecbc5060c67cc552	75f543055b6676b6bf953d60edc656a3e4210083
35b8ed27baf9eba5e5a18855cf8f59b75a564841	80ecce3cbabb877d63f250ce5e045f2a6804eae1
9ae289b239578e911483f87b5664c149d722b408	359084eb9a76821e9c4769ecd0474f8eefe6c5a3
5f638e8dbdaf406d4e51e491611021b699d8f58e	7ac298fdeab99992b30cb3fe72dfbdacda0bdb70
2aa8687705b0420bd6be10cdebd92e8a8ccfb9de	2631671110673d1c710db12e8e108433bdfbf4c0
7332ec6a79c74ec8807fb44734e7e7a59bf86f04	6d4e41f110ca16619ee0fdab127e64e2eea86a93
19ffd6d46a946f6c5845af9cc327cdb2c0e0a392	d53b4a662588f957d38367e270831f86e586c67b
3eae7e7cf1c5b0b649eae34ca95f7a388de4ff85	ce5dc0d9dab5d3dc6a514a860f973d07ea29fabb
f7cc6ad33999a0900bb14203ae39e9f77d3b1a52	24c81bf6233f0ea4f2e88ca68ac1b41bcedd4f9f
03062177ece2f8abfbdc42b9de59c0caba5d6381	55d737125d92df34b1e51d7558574247b8937bd6
4222e6d78f5fafd37989c900afc5f08c19273ee2	876ae2fabbe12dad647a84311dc5f5d6284cf6d6
51d17fa18b1f4eada693c136322088d4234f9072	eabeef7e31ae8e84489101ae37f715f21d581e15
04de6a2a4fced34ea3bbb62b78f00d3a3f6648fb	3f9a2b33740d34ccfb4f180f8bde36f0875a15e6
dadf6b2694aa78413b2b61265a67daa1155cf9e0	0e2e55f2dd4f61d101d4594e8504454657884af2
34b6cae434fca616e7a7228d877e8e05dd202dc6	66ac6c2ae6021c5099d7aa06c765f7f2094e3f78
291e2bf7d5920a2f72e26b142ea804ad320dd077	28267a87bf7997b8287af412f59bfa1e0e86f06c
9b0d4b7f8fb49e9a5d961c38702aa566c2c7a4b7	1a69015f9c035d4beb5073721925aaadf122da00
d2f88803cdd525a180830822e97039302410d622	84be26de4b992f72b17c3500f14f3f75287fdb44
2226fd152780f44c69e6fdebcd25724c09ee48e0	92933b877fdcd60c809e00674e9c72a6ae5442db
dd02c853aafa9efbe9e05319082bacb52e438c5e	f5eea3c34617b1cfdf1ded6d9773ba33f0f8bde6
9decd54551eca6fece35d42540dacec9bc7a14b4	59897354a7f0716cf89992f2528f29c9cabdc099
981f334df06541b26068510193ed68290e9f57b1	89f14474eef307a59531c7956463b13534808503
0d10318d20f01f3141e677db0445f5e769f6eff2	7adaf91dd29244ff2278ae6093eb869e62d22f54
633c1811b9ece4432d62b41f82b377f4da9158d1	b90f8b0d01d6fb333e636da063732fd2c8286793
307a4bcfb6ab808fb2cc2d7f727357b2ae61315a	df572e32f6754f29c1da52d2d41b1644f6d237dc
04caab95183ff5fe9a389b67ebb93ccc51e46fb5	0da9b73b7906585975e5b54a9af7894f7e6af142
2533d36fcb1afe2863523024e11106f0f52d888b	7a7cb1ccfc93c452071a6161a9e71b478e2f02af
afbe481fd3e2a003a27b60d2508c0c850d1fa3b4	abcc3e5fc07a965ea4773db711886d1749af15bb
1fe6af105ce65b04ca24563ef75679f337d50856	d7b4c679bc8feb4c740c6f691824dce54539661c
3ca525ad8a15cd2dd4cb07830ad8c5220834264e	6b6352948f078e275ffa822005ee87f6f03b4ee5
807dcf04aa08d9caaa3f93e0759388a4ae4cd8da	acdc825a0f012a62e871b0ea71150941268c1c31
ad2195344499dec8caaf665b842607b2df8e5bfb	495c75de36a4a2ff443cd59ff3c1d6be8f01cb79
c633a9d608ce76527b70cf99b18fdb0b75b5949d	bc9cdac9568905d61458b749b678456de10c5f37
ba392e5093d6101c20c2678e4f4372652a2eb1c9	5f6e7fcf6282f7dc3248b595bba0c689014ad8bb
9862b031cf590a734f17669c862c69949098a93e	8b4b9e758011e945d6a00ed8feda226b6067fbae
02241defe2ed709f8d4f5a83e7ca49fbd9e8bf14	51242ce0ddc5db02fdf0f5ce0d428ae14d998955
6135736cd47b0ae987a43838327eb013e38b32d5	26d1f42d3ce5792448d8f5feb0f46cbfeee54d30
c7bd992fe91d5abc6180e86f43553f10f730d2a8	46e4849d57a2d6ab619b9511ae64a277a875c7c0
8652be244840e31f7d5921073ebf50443377cd26	c77dabced56b54dc7b897299703b6f2e2bd0bfd7
0c73206a109f0ed621c4f573a66412368c6e4d52	1110af06d5f3118dc0a4081e2a3ff46907b26077
d77dd5a58e9e80275afc27443eecd7e861d9da28	31c021aa04172207103a3249364f23f0f4a5c5a6
5dbff2f226b7858d73be7ff682c2f01d8dd17888	eb3ba5f568e1af4a25ea64572c60eb6b37c2cff8
22dbf14d1f8c68173749460e442857aac458a3b0	dbd5c956f96452235ee424a3a6fb76e3a7d405ff
22b2aa349a30817647feb17b3d156a67adc5cb31	c3721adc2cc90835a0b4009ba2b989840b5aff7f
d2cc023c13e7d59eea01b9fd4c23d744a414019a	1da5d4af73426b344defbb1ef3a920fec158ad47
1ccbf91b21b31075eadbd388e2396b94f1323f39	4a1ab25908a736d60349b3ef1cfadc9d7eb2f079
db0dc5749e3268cc262d4725f1c858dd60ac2208	a1a61928772c99dbe6689abecd9a354bb51c305c
17dd50ffd0979365f126663900277675b61769fc	91f957cdb005e31aea9a1d2692228b3ff27b33e2
d79180bfd9561076e9bcc8067170698f35ea0af3	5ca35fe6e1cbdd4acace677ec6d7ad59a2dc7b51
4a57d7c8bb8ae5c3f57b78fab9dbbb14afca85e7	b036d8a46d2fc84dfbe3becc42619b2f83a3872d
e2c9d6075579050011765395990b8f885958cb60	ff14e7e31002eab46b47bfe84ef81272ea7cf180
c6ee7bdad5c8aedfc4536e171f696189da4879c5	52019909a2b49df8dba271df9d689f3c2401ac40
75209146d27c6a1deeb7111e2bfde9a92dfd437f	7f9dace43e6f1cc34dc32fdf9bcfb1cee7808d94
e2401723544b08f5a5ce832350caa58eb61336c7	fed6e2070daeff84bf4577b9ccf3afd69ef3249e
5d2659b5d1af19582d35c99831927b127a8adf31	4b889f359f3098ecd1e3863e12213f43dd11ceb2
4c769b392fc310cc56f579e8bad38f385fcc6788	6b7e20adfa570e40b59cc7adc68bc6b1a999c5fa
fc2ea026a3a7961080720e32d6ca97dd263641f7	8add302ebfbe546ee8f7e598eb72759bf210114d
d0e9eeb659aac0476ca55e806cd660fc756fdbec	c2c9853e2736fd6fe5d2db6f0f04761aee839afe
60107b43ac43e2092192c0b89f153222dcd66bed	b995302b6d0977ff77c0e7fcfe35054b8cd65514
57cd7ac6cda8e6a6678a7b182f50bf7a1681c6d0	f5e5f3ad0a207264f28aef6fbe74194ec080733e
385d9cf0eb0d213dd8d2849adb369cc56dc5f44f	57328f3eb8a9247c535e8f9414a2372bf384c6c8
9f97e44341011fef47b245e635456213edb32e0c	9b6441c6ee3aa8af0745084fb623d302676f52b4
db893d049839a53c07065689f8337964f6beb798	8424e4836d3abd80e46df8c88e43824fa987a95e
4345d9e9e3872906ec5210ad99b0d9e4eae61e5a	98dc9e999fe6deb53aabd55293b9da52e9fc3291
971df5b2d30fd7487ec793f0cbd12d19da0ade79	011bbebd6018e40b6cf1ca191c0bb9cd7b571620
1db61159dec2b9e1b4722e157fcfc525af5435df	20667fb016522bc07dc7caa4fad7c3f53b3e89cf
8ddc50c1a44457e3ae9db27546f005094463fd41	6f9ab49ac94299aa8de7096ecb48ccffe9ea3c79
b3ef1704840a498cba0fbd401ad9a649fa1f23f2	d4e07c28b5ace3c9582cf1b87fd0a70756f36e33
6ac18a76ebc1ed47ec355b11ca89fed3872179f5	9b6bc919c48dd8c944464745efd3d1a121e30bd4
3f0dc5db96143f2d37a1606f462db996ea033822	b7f67891cf32dbf253acc01cfb6ca96edb11d4aa
e211d1ae4b253c4a699d283da16a4d0df3d6d20d	5016b091ec1a834a187850462019644bd466360e
fb0fa86b0903884377c261e29532d085c20163e8	4fe4d4fe3a4c54d2e140069ff46f419697863e98
d89ace61fffc3a6648c01526bf3824f39a1af193	e394ca6097aa4b1bb0fee807069eb4075aab2fee
97b2016720fe32e45a16991e940dee40958859f9	a63d9188108a8169f3adc6662c70aa0a1704dbf1
5ffdfb401f4d8151ff75b55d8e5436298804f71e	afbd23bdcf569cbfac8eedcdf02ece78f96e3567
4fc3565447e0a890374827118575215c40a6c6e7	20b87e8aedcdbf3d88ad9b4bd4601493feebd774
d49b13c83ff5e6be54eeb8a90fb2dac5c773980e	747d9eb529430d830528d901af4048f45d14bd91
a412fa1c1c926b629d7d1712ca531343cfd6f5ec	6b26d52f53464ddd6af21c9f7bd301bdbb186705
ec8ed2dea7963dbab112eb3766c1b28537b7939b	7c81edb2cfc79c0a508df191621ae09fa750111c
5db3966ecd0d85cb955f1bd15a9dce68bcbc0093	2a928c557a929088228f7775d8c2ee83c584f88e
4705d41ac166fc02f89cc3193704a65b266d5d4f	2c0aafc7dead1d01ae765549b1ec58c0c23ab67a
59a86a8f88a7dfc78dae6b6f600d0a48b7ae4bd7	e8e9b4ee215f043e224fffc2a63b1efe5b240953
fb86f3540a4f717cd50a43e61abcab8e2cd0cf8b	d805e4c105ffdf7c296f6c8f22ef5402c39a2b7d
bf600310bad92e4e21ea4053156dd56758bcf486	2530ee1876c73e16bef653473f5f0a77deb4593c
0e595d647f0a33ebcf1ef931d02e13a85651fe4a	43328fdb5f0e7c3a020112dc823847e857211265
6ea07be74b63d0e641d393b9b19884ed2db0e2d7	28091620273f9e83921a113f2a7eea8d25f4f87d
e6f9c8ca728124a4c8bfdac66c9f8523ff0a24d9	3e91ed16564314419662e6ba31378597b78f7c3a
2e91c72641174dcedff0d3313b139b382b54e4e3	70bafe61f6edb7a239242e212a8397afb782283a
da9d7e37a74ea0189cd6debac72945be1b0de26a	b8bd51687c280f157bec4320ac98b197cbf41ecf
fbd5e8f408c9d967ab0d8122b7cd61eedb4207bd	e68bb410d756ba3d98e3444c9b02f1da794badb7
fd303c41396fc6d9994e8684431d8739b90f32ed	bc2ef043450018dd46ac75fdc67278169f2c893e
a61b09d6d6b85c39bccd920c7507e291bca527f8	656732a2cb634c599210ff3760106d5cf43d1a2a
6405881bffd94eb07d575a0370ad0254a39752d8	20c980c6796427aeffcb2943b6991aac0fbc8246
60f884a1c1639117cff969a4d8e50f1abafdccc2	b150860a3fb1cc95fa98d28c249cd6e06afb160f
6cb1eb390e7296ab981a723d9887bb0b514ba43b	e09c53e3d8d0bdd70af8e8240730a23079c6497c
bd37490a10eb31637c060f595c38074feea29fd0	57af88a9e1aec1be88d64f7544891e846378fbde
eef9adf84ea486c3148bc1bf0649cf611f173795	058be9351503b90d3593c76ad6b85fc87081a239
6ba3511b95d153894947d0925f8f29037c91fa4e	4f6198de056a8196793890caa91bc55228628900
a0f936b997e37381d208fa88f0bdc1f992eefe1a	a977c14af16ffa109273139f988bfadab06693ed
e17be7c43b801da29972784860d4c7910e5d0801	7b63a31cd15a120cc25366e40869547f3474a93e
af7157c4141f715b1d53bf20e345363d46e6821b	5d8b6e0e025342657c8e337c8f4781c9c11643fc
a344263c55e39b474d87977f17e5de0c775c0cf1	2334a6fcf0b19ff851aa8b431737d416b9f20b14
41480e4ed60b1f20166475f853a37b72e1909996	0e414de75f7c755f56edba22944d217f33278736
2ce2e42325125a86cf6d3aca3e0acec1d57f1a6f	e55efc28890d9fd4034a56d2987e576abd7246ad
eef776d692ca426451ba8bcc4963d2aabf46fe5e	437af62738511d6d951de506048f050438e8512f
924d5b9f9f0a48f60b64cad6a540305040eaca73	844102d7215bc57504e52f0ed6a78a30b3c44ce4
cc07722ec262bd6c971b3591d24c33b5d21b9e53	bf45b17614da0d1eaede551669e31e52afd4eef1
e637347df4aa3e4215b9b7ac77edc5eade883aaf	4f619178bf18ccd6f30381a5e8dfa569915f69c7
b320f7346779a2fc5896cde2ea3d64e0858e718d	16331f7099b3af435d4db333658161b06b9bf66c
fd25fa4b2b1537b2c205ffa1af398d8af0dc10dc	60e22d65f3e6bc4de081a5d67a92893d25212817
a53aae3e3c99d62993841237e4b9cc686a1ae52a	8b1a63ac4974998f5471f3abebd29ac3bcce6b8e
5c573c8c00e71ba5208347f99a0a52a6bb5465b0	afa4067cb1dd2256aedc272b17e1962897f331fb
2a4d0b0ef33767ef6fb725a101370ea88de1dbe0	56e9e69133fdc2f5de0781e1e4f0313cd2ff6412
c4c35fccff1e0562cd4e8b8258cd8a272243ecbb	41024e3d321490277e23b8db0da74743816bf77b
8049d2c690cd105c88a3908562176f525e193661	d40c0865374a063db0160380e1fc367bbe9f18b5
cc3336a5f3d9d58a96cec5c8e4d8287cc7e538ae	60a9cf15323fd2c56bddf4e74a05d942c6d12e5b
83ac6d6d913ece4227bd07b6ce14abbdaaa04f7e	ef1bb69d3e81cc079debef6e2fe03160502c41dc
75daf10a91a2f38f299a988167a57b52f9c6d67e	4a34ac76d3d2b840973a6cd639a1904a8618068a
a8d7d63a2723702f485563305af18cef5f519106	7e42a32eea2529754e67a266bfafe7caa0ec9782
bf4bec12fa0f689e1ab3385c87ede1c9b8b0e9b7	977c4eb668be84f3c4cd6f7227630bc8a5ec5565
7546c42e85f74920965855d61513d92549010cf5	c76b44cda884d745f522223a7ceb22715d04b73f
7fdb6d5183d8d1ba5f084dd96fab4fd9d022c362	7f680c1200e2d441fadc15873e93e144f1cbafc8
df39166c8021cb15eea86b1e417d432b9306134b	a55e28af5bfa0f5da1a24ea9b7a41d34a8d138ed
ef7a4b23f96235aff725f6947b5b4c2e5c55e763	4f42ee2f06daa57b175e85dbe772ca50d016cdce
40e8913b7111a9b6f568dc195540b0287b17e764	5f2cbd8ac3c917137afcb617cef891b16bc49912
b7c4ea0038b9c84e525c97844222c8a000a47ccb	6796a2bc5b134d63a0675575ddf3b64bc6e5e9e1
1793c13c66263487c8e05e522dc2d6daf0a19f58	ea157ec3417d23136b6f16d0586fb04f307b6ef8
d564221f8f084f906bc84eccd2aed5635e933a8d	feb24dbbdd8bef268eefa522e9ef823c0dea46c9
91339bd5663d3f7053d7f938aaaab4652858b947	d05c354ab6350d0d1b9a5e13ea8c34674fb08a27
a64394fc519ebee06fdc1d89b705a435dfadb8c5	f2d9e574c282fe4fe8dea7cca6e0dcc8d34fcc24
9efd205c4a7aae18dd94b42bdf8a24e8702169bb	f9c8f6a6ded6bc8330894052fe80df7e55ee9258
3d95c829646d3dbaf7cc2a051fe335c2ae81d8a3	b32e0ae5883f5a0ebcfbaa3188e78fcb4203b247
0b5378a91c986fac6faf63446fe10eca2ae86166	e095e16c85765207194a417ca9214386c34fde70
9f9536d883f03590b5680c7094fb6d6c736cd8ba	df54d7a1f97427e7ec73c58a6058a766f70503bf
a235f8c1afd0486c47332a8255337c1dadb90cc7	549ed237eece4f056ee4f1122ccdf1ea6df1ed79
7285dfc751ad56b12cd6138f95ef34e1305537f0	864925b4eb2de9e334c62fc52dae3f3aef4b367f
89f5d7d0ab729db3b22dcd9c3d8813a3aa2102f6	60da150894cb3ed3fe28edc3ece165d169a1b1c8
290996b65c0af703816ab3f37465c20f6fa500b2	b9a50f83264bd61b5c0e7cdd865b2dfbfd7f449a
ef6adcc17f337d9665d845c9ce7c3265518b44a1	ed712eae4f7e1db0942c73526939f7ae0734864e
149d5180fca975660522a64cb278e09e6a59ee35	c4ad633b4db1ac89c6cab9c82289600f6fa99ae1
59052d13784c53910108c0bb1ecce74a134eb333	37869957d7fc6ea2d73306bee929607bb40273e7
cf8c165f8e5869c4520fbf16e1064c59853d023e	1815dfc3809545edaf83990d3041369fd891a83a
d2195e6b0412d08910d076f55f86bd76fa99ae5e	85f4285b6233e0cdec9945b753f4611b2ba5b6ab
626c4b1f4cd5a06f71cc7ed076dd17eb9a153a06	13d357f8b56c9ae8220d8aeac5ba87063736e5a4
00829ce023ac6bc470bc83b212c458c92215e071	596437419ce5f27576f3ece5abe117d4a2328c0e
a3a03e1a9f83fcbac39d6cd6b6f2f5fd493092b5	64341277631d8eb2e9dde299f92ccf75ef8de073
8c9200623aca5ab1c88b1c7f6f9dadf5d4a681c5	be8b8ca590fd84aa259d4e707fbca06d57794851
1402dc5af83dacf28273e560ba68f27628d4cbb2	bf21b371f4cf673af38e68333764cf509491fbd5
87b092f96aaa5193146b67f819ef9e30c50dda53	210bea711aaa18d6777e75af76f403116094a178
50c0c65a07779dcf4052cf58b8330914bf1fb7b2	7c257bf705f9e7ba1213ef64fdab40057d58a64f
54f79d4ff311919b2bcd21bdad4a221a8d55ee8a	a9d9579852ef048ca0a33a846d09af0d7610e10b
29f03c2dc4ec8f7b2b047be3dc97caf5d30b13da	962e95eac9db0fb0f77a286250ccf7d53337adeb
00d6167c28c5df1a40f2bdf4cf20ba2c375e3425	5511592998baa6383d911c35bf77667335b84c54
cccc80347c6d8ac2a748f9a186e2c39835162e55	ffb4c441c190a63fce9bf027dad9bc33b7c9fd90
feea09789475260bfc1d598a4b24d62636b2d48c	65ed115eebeeb1b3b67ebed701cb76333993eeed
c8571e78b36088451626f833925202fc4cbc9507	2e78df555c63c693c9776d2196d15a822fdf53df
3330c237638b999cd5865d2efe4b3cbfe219eac4	2d543324391aace7cc16296228c1001e2c29842b
9fd6f0e765ea47d1a8d43a310f545d451191c416	3f24c54950c8e2a6efee7f064ae7eb13184cb4af
3e28c9299b02c3159bafbd28dc9ec26009d2e54c	cacf576bd39c6e812b4271ef654ae851ab856d3b
ec1e766dba0a12e022181cd4336bd515b4eefcb2	19c24e4cad75a4c0bd2f75e5ebe6cbe9467cc33d
e48c63f96cbfa45143d2421792cb8fd9bc2298bc	0e60c761f0baa793b4679a0bf299b0b19f811d2c
289a9640da20ac7cb7794d0635502e10f8755d6e	59ef46636997a4ef1923a25f588ce4f45a5ba295
1bd49f6f07eef3d90af0356a704267379307a575	ca7163e4219103b2dd8dbf62b3d289de9a6b7884
ae7d2bc3e2c1f32dd0a3a5e12a27e83824ad1068	6ea94b55349d4e303f4f7a11f34b8ab504dca3ff
94d9dd5f22ddaa73b1d08076159787abc0f1478b	024a8a84e06e77a22ff1c60c19a2583374853af6
703de8ff4c333f6a6a454d23bb107234eb59873f	bfe36e886804671875d850f3280aad2619d3d29f
f157778d9c74c19193a95463a10ee685f8086523	16d7af6b1924d30210d1869245cf5bdab28a5654
f8e963b19799c84d77a15ff6d3dce7c6f3665161	864de82e12cdf5819fa2ce61331c71f6d869f4d8
d4ef3db6e9cbc0c493c00c2696114e40f7e80f1f	d0379f57d2632a3b74b9b492e1cb71bf7e9975cd
41ba46541221807eae7e7e507d5de9dd64280192	431682a84381a2fa26e68f89e8856aae39c32715
694dd8f5f65288f9dfa0fa2af572ae9f7fbbcd8f	c984ba9ecee25baa38f4d29ad695c44f4163855c
8413249b9167d98c1100890615f74a0bcd1965e7	9d0d1ac15265f1af5e9c009e04d1ada2394a23ef
bd817d8845687fc3add086a1d006cb46aa6222e8	71c19a718a3a758a3c292be224411ade81f56c74
2db5286f741a7b003e5fd594350685caed4f2693	39b0617561342a3dded968a8524d6fd3be758708
ea7df0c934e4b3aa51f5d8186e6f59cc6d3c57dc	e1c63704b018fdb5353512e46e1e12b6484a808d
c2b9346f5da1c58f929d0157f6dd215bf44ae5f0	2d403a8076d390953d3430c87e21919233e41f73
a501eb4f94e46c161999d61bb530a5e7c2b5044e	7375cbe34b27ff0cc39b4e22d0bfa718cb601bb5
b7c644d3e90104acb6e7b9e648ad987f880ba669	1482793b9afffe634dcd7d6b05de4ae76c33d241
d5206989c5cf238dfebb64bd1b329ccd7560970b	a2372ed64124936e3d3fa6ffc0f1b0411fb2a2fa
dd5a6697a24ff216db5b24cd037f78aa0a1a0017	e71c48b6cb3b15ad690663e56232638a5296e298
df97965be93fbeca851173beec9936a4bb1b296b	0e3831d2bc6e26f7870e06a4d9646b15bd867ebe
f6a614c9bee33fadd8c6c678002442f01a610c63	e1d62b4f7326805ee5bcae780a7e200f83452918
452510dffe7799d11b2f7de392fde6fea4e052af	ce08c059dade8d3e3c6d2d71fa5e3ae56ddd52c0
90a3dde4ed9d7dc57b48ef22c157a5c0ca219deb	c5d6f44aad7d92a7ad934f4f1d1c4d626c393964
ccb88d1ead9ca708b423702f5253781779b4bd69	3e2831f2816221705c5fc03f72b76a477359c20c
7b1d252232d543e8847597086c71d704b694aef2	88c8c08693e897e92387e45454442fd72f5fa508
e00f8c22260582f5e44f4aad6238ab2b14ef4ca9	2edc7733fbba5198f64a328b21e6802f6b0c617b
a616238d201f8b653a7deba0d235280f69961b03	bca3c2e3e78714f1b8aa7eeb3480f3fbc52f10f5
c97b879a5fcb0850e546a1a75372ee2d3bff90b7	e4f2b28ccd733e2b5d6cd1b106e65c3212a0fd78
eb0fe598ac153596019c4710197a16c4cef5069a	9d9fbce9b8070d75ea9bae0288b54159edecb0a4
d03f1cd0840b2b58b35852faaa76ba7e41634886	8601e097f1ad9452c60f0bb4727104b1b1efcf95
651490a94fd20226ba2147a9f13bc156ce682b17	fa490122c4be47b1b17d48ecb8f9412bba4b468f
f345b33d23de66acdc887c58d0f51629a3e56b64	c146ed559f2157b5bbacf46e68da9d8dafb4dfcd
3f6c5fc3bdd09140ef959ee9e2d2560f58292390	76f2686f5e3dcc77331ee21c709b8018172c91ae
0a93d799bfc267574cd9432ae893196bcfcfb244	65a524e4d17c22195e6b1f192937c259e5883d11
f53fddc8d73cd6eec241f4145b5929d054e0e8bd	6702d8d51fcd493de0045cc02eba9fbf5825becf
d62be9d152e6b550cb2c1fc9c007b60dd0851680	e5e93d0774bcbd546ad9b0da2ba96a1f1d56e72b
332391f7aa0946c6ff74a975da4f0df6494f5985	292c33ce6858c83150161dba8185b00e62d6d49e
677936f5553bc94cb46395c2855cec440c30e510	dd382f5b98a0a3ae93f46dd2b445a732d6c727f1
b4f63ab237b2ae6a4873a087ad7cc09a0a125f41	ca411a7c0ce1da1bc09d5737cc3c8249a3b8097d
5c86bb58556337aea48e201e24d741d15ccc9c48	b540e99f60adc7f3e033a017f57f6e087bdd32ff
357fa9fc7819bdd57fbcf6d9b06d78a24365598b	2bc9ab6dc1fed0943b8ca31261787d4dcda6eea3
766839db32c6443b4145cf4abfd57d25e2e3e097	35cc5e3edeb4151a5de531d6ab67173e20212946
71b3a03ee1c8a8d06af02e34316fe0afe3f7d237	30627282ac92d9beadd8d0975f6b29b7dab0670f
de5acf84acba98d95af80ee0ca1aba098a6cdd62	80389fcb8bb8a9bd6e0b53e1941d4adc750d7868
09b5e807699acb5e4f31e687918913d1f9597c50	efc497cf79b750ae3e8c731c77c12b44ca5ff27f
cf2cd5ec53f372fd31952fe89976cef39a97c028	4c1a6057e456e44a5fa656af36e80eb5869aea01
c5614892a99b6286e09413aa90c1465c92c679ef	47f4bc8e9a5defa3f4dd599b57494b017512e31e
d3f8cab13baf1add1fd06fc33e1f9087577ef766	c5ae96971a463dc8e680ad1ae8b3740366d226c3
82d2ada89288ec705f76d269ceabd3664b1553a8	9ab2d3fa80928289ded5052799254ee3ebea7df8
fa5d7897e98f78b47c122375efb2dd27b57d1656	5d92b81e3d33d92dcb7e78c42a5a690bcbb6e366
ef45862e64ace5843dae9f271b5023dc86bc57b1	af07620c41c2fb1d3e939ca8c494001052ba874e
5fc4200efe4b4a2a63ade41081d9de1cc60c1eba	a2a7b878ffb4a1e91ed71b0807ec76dcf14d0b0f
e75276007af21ccbf4a31f4d1b29b1e5b48073c2	b2b9eaab4af3be93dff69a6368e099656fd6f7fe
0a76ad62add9eb18106916f4da4ed229ea2dbf99	6a64b9290ed115290aae308415f3c60499b39aee
b556654cc027a456e174ccc660105822931cd32f	2fe864898e0ba5d63c00719c5d7fe4a2d8e4827c
88a81b47a4e8c7299dc467fd66391206d70f49bb	90ee377593c1e0797b810897ce77ded2752e29eb
bdf7f442d50c4b72469764ce22ea9777ecb37088	4d4ef7ca557cf4ee1100bd8e51e436a7ad7123ab
28ca553e3c21f5893953a285a9210c8e65d7e6e0	4b23ee1dbcb8fe1faf0b1fae2eca61414047ea87
3703e54dfa18ef3213587b0f80e8c0a1f2947f6f	5f1580bd132fb6c71dd568b33237336e2cf560a0
26e8221a532a6b745350b923792b9c4e3d42ab04	ecf461514a44e76f09f970c47ecbbf89a34c7317
b19f7d1ccebccdcc9650656857a72e1678a87bbd	89364e092cb5007a4c85a515c4977694c86dffcd
3624a2a8b832867f8c5aba2d96d3291ddad527f6	bff8fe2577d9d20c7ce8da694b8946f98a30e212
5fe6abd3089738013df9464a3a5e74cec95f2e2e	1f31df77ad7e56a0036187bd42c5e5e2674fd9a1
9eb2d6fa5459fa6f5e4c8cac07404797cc768305	141b6c03b89370459e117ba08f658adf7f3b3f63
0594da281638e9b6ad19922c073ac47b5c5b41f0	557e1574f73f9a5134477b392812980ea9650f36
c193a6226ff91fa168a28bc5987f9bfc811a3a73	b8e5ec5d189b643534cd76824b03fa7f0ca9caba
e209c4d22827de2657719bdcea1909474007596e	db9d1341a88cc28a974f588698d21bdc04be82bc
1692d2e1e2e7e6c926230bcc212a760cdbe51990	8d3107e0a121acc5fbec57c515e61a25928122f8
55183d907bdbcfb7f5d0f7a2b9b090ece07e68b0	01e96c5d001fac1641305c39d0a9555620bf44fd
17bf6fce7c0f996608f4c21403b21aee4beda58c	541741ad650f689b08b5b28178bba28e6c8012f0
f797040a2b863ad80975111ebd3a038f6a741544	9c21418ab401a8392069b8186d2be087b23d445a
209219013e2621995222a50f5d328d997917db6d	6da9e73d6d2a156f60ea402cf1daae9650708f51
667c16d3c200740f8da8c21a2b967ae330a6dc37	daa873bb837835da7c8ccee447868bdc49b9b0f4
2b707321d4dc51c7c69b92243a961aa20ab90e28	acd4fc930801d72532fb8f3266b4c57150785c46
7a79bb71271563e3d5449d79597efa4768da9e83	7d6b465c46c7086dd3cdeba4f153cd1030015755
47bd212d6a642b59357d175c7ffe2dd21225d950	598812bc0f7dd35dcac7ba4cf3339ebd9b17b206
f593f717cf4b4c74a90ee4df679c89be9ee3f052	b17d5674bfa776a5c8743cc30073e2a9e9dfaf8c
4cbec9a4c5087cfe48f5a4523329a7cbf071bcb5	80b85325f2c4e62a237707cd4cf423d373e8c441
7d6dbf67ab01ee2d99f0cd5bde88803426f98104	f45d65da743fd0079a26812b72d94878a556c0da
ac495a66bc3199d6ff63b1a36d71fefb52704ac5	ce8ea7e43a6814a1eae3a56607e22d13da6b13d7
1a547ab4baf7c40fde839e769dcfbf3a3bbfc8b5	2980d99fd7c24ccf1df0be46d3a5341baf7dd513
8e07dd9d0273c2cf10dc6107542e4b183caf4767	372bffad2e48230df7e467b62429014fb84cd68b
62208a3bb675bb9722e588af4ace943be21e9083	20fabd2becc3beb24981ed44aae75f8b00c2eca5
60b244ee44064f72b92164973a1680e88452f112	0e1009de75e78464e87878be3b4ae108de2364e2
514c9a7da3acf47fe2d1b32c12612d0b02820a02	87fd5891a7ae3bc37159e16aded7ae3375393443
bc525cb566667b26f2e93f5185d7bc979fec9787	f385cc8e3a51efa3e1f8006d1bc20581a180830b
febc8fd4e1ed4eb21144bbfb55022012d659c1ac	db3a1bdf529783a7bc352f3d47d23a3a194343d2
32066fa7038dc96f9617fe495472e64128579dd4	26cb5f276d5f7828608c276e64305f54e42ce644
ea30749c666a6c36afba91d9a50d2ae2c2005687	05437a2fb5005539747ad37a1dd0c9c63023003b
3e6aff799533e01461c89849dbce1943fe9cc36e	b769f6f8bcd8224a0cddf3151c62580eb661bc70
ce9a90fe31933bfb3b87bf998e9a764c8ba4fc77	ed8bc3c2c50b9ee782f7f1bd7c9a922175b869ab
6bee25fbc315e46ed8277efab4fd9eb2d8b454b7	5145b0a8d5e68e4c16abc6d51723f95220850c9a
113973ed15aabe9939295d9f950296ae59cc9e16	4563a0c4c5b9fef0c14281654c2b5dd8494bea8a
47f4f28f38d583aa5ab452701083f44c5d75f460	95c89b97674f0ff4dcf4170e447115c57129e3f1
92881065362d527fe7bc125d01b1707c7de412a0	59519bbcc77a8ef08e637fb3c4dc854ce0949f8a
56906b052710f8388b3bc2c18d2ce07d91b4c2af	dfd5c51ff5d16e7b2a1f9a0cb8e18a6bd912f696
379de72d4c36e2c64a53fb6a27ad21f9ecc1a326	59ef20092dc11744a1f66e26ec5079c7e2b3ad33
2ab4c5b7bbf23710932b14eb8f8c9915e27db6be	775e05990e5e72301d8763c21e65db72f7e063db
0354ba0c660eb28e999e21147a88d30c0b8da465	6667cdb6045675b5d47b81831cf86f2b61129508
d9660f1d0feba3fdf253f7527aebb0858ab2f485	c47147a3cdb851ef6ad3ce0db6cee9765c5425b2
ee030d6c0ff16dd718f3384ea7de2c805b099f48	ee9b72bc02a99c95b22d5cf043d9a958721da4aa
7be0bb27478d20b68c9057d79e198824830fdba4	15debbd5a136246b3174b1519cee375d7d76eae0
960b9117e46c5b83d221a4602a8fa2b1d2e8ff5e	bbaeb05b4bfbda9a93101cc35b2f0d74ead0f02f
17be22f25b60da39c3ec11580774bea82594d4d2	d1f6d232024515a4aca51fb431a22691ff6a5234
c7e5b299f81183cb9482c320b18a76e8c30d113e	d71a929e663f6db25b371adda9556fb07214aec5
04d53fbef64f9248ca2f22c5439bcbae7d6a698f	3a826eef3d5d2fda3a3b86173c51e2bfb13ac93c
fd76dc7a6769d82788f66ba3f99377537f5e271a	1ee51fbcf0b4a5c4c5873ce0a1e3e1c1c03a0614
0477c59da17190da42146d8e495b7aff2185398e	56b10c9778a3adcac8c1f3c6adf489da5d847cc6
dfb3535792b3b2ed00b4744d3aaa70a4286e355f	14bad88950b47483251756ce7637439d2d526f83
0dc12b47d18a8a8604338f1efc2de20d415fe41c	c77e36bff8b4a2f56e83a87e3c8daa07ca4c8cb9
8107ff6cb77669b32f066e0eaf790df3538f58d6	9bd438b0dcb23942a370e27deef2bc2316806a5a
74a1e16bdff4a9f21d19acc941d483368f21a358	a17ddd44683b80c11eac9b2fb5f2999d61999040
032f86f7ce7f3ef70ffb74aa214bf4321f2c7742	31de387d50278b71401160e4e7c9ce5189e84e66
523f38455d73e3931b28fc75ae560c111a320346	8e624090401341135454af7f66b9eab309a96e45
75f8b30f3ff4d1121b0793103b5f8bee2f8ba794	35fcdc1910ef11f4c8078a611bfb4515f0ba3e71
6ed1ea9bbd5911319c997465fc8452234ca83183	65cc0d0e677bb126af40f7024f5a883d182e57c4
e279c973de10ed4931c48eb870f7dcac230ea13c	c940d1ccf12fd656c74f079d924c23c68c2e38fb
d44747d666c6ae1edb5167e49269d0ab0b93dd95	dd5cf82cd35ba8fa62cd3822147a640bf448f0a6
e742c0302fde7cce53ca5c3dabeb19c773d1b1a5	64e47dfc3e2585bdfd25350639611ff92bbf188a
4cebcd0b0a0617ef81684a1f3f730410bd72a659	64d67d4e573fdaa6224af21ef73d376dd6029955
0e81fe5c72fdf16b2b918891d3871240771b8b4e	9c8775d5b811fe7e4bd2e7b766018bc46032efc1
375af781f705ee000baa77e1996e6eedec5bb355	d64869f504604d1f9993103984d2a5e823694546
3a3a07c3dd6c1c6e49aa9822f9ee6a3b821f7af3	58d2ff41d2857141b31b061778def2aa40e840fd
460fe182acf22bcff1f317ee92a7f14d004ed179	31a70bed9e503861f26f2e7ccd9a1a0a0dfb27a6
6801ba23e915f9360a595a9a41fe020ae56169a6	29fc34a3ce202f05957b0c9bbf54b810ae77f424
c8f67a6f64a85986df949447155606a0353c6f98	46f01f76029940bd70269b89f14deb08eeb90246
a8f844d40e50ff4af23c46fe98d94c86cc455efd	316cfb4bcae30dccdd5b51755d851953432fefec
711284411590336e05bff6ec5b911142b6e436d8	c252dcaa7549d1c97bccf0fa28d3856a172250ce
b4292784aad506deaea860a3fdc2fa14374d5ee5	bba1af907b8e994b725e0939d4e8d45b28373779
01355af35223d305cd1c8d4c0f7b153c45c6921b	5ec509b716d62107ced6c65b8f8386a2be4a9362
8150d633ea6fca75edb27e2004c5a22a21b4bb63	4b4fae67a46254900baa6cb4b8c0bd357967b8ac
aa16f5634bbb7ed2e4aa49aa4c074ba54b57ea39	b6ed3ad8ab9ee8898bbb72791ad9955fe0f34e8d
2f032e585d7612b2543eb27c7a488864afc5a4b8	76a2b2f51a1fef59904df1184d11fea7bd1d1bd9
04e57803f43e76d58ae2fcafe0d1041f0b42092d	199e16f4cdc9f2911826936a80c37ac258e3970d
b8d51eca8cc2fb49d4349deb58c5ee07cfc22f60	c6249f1a0c1d0df40e5c7571958bbedf29e83e74
441497abadc16cf7a5e1da6f8813fea8733357e9	061587dfe5d815bb8be01a8cc30e8e2f8a1ab2a9
f2210a4866d4c079537c7d65983b552ab08edc41	e27d6a691c50d0d7fc3c172ecc36835cc6b2a580
575d7fcc94fbb586b2d972dc9e81c747b9fb9bfc	c51bc98e3fe292221b11f96181bee3f1c2b281ac
988218df80f108deadb81edd9581e58aecfddfcb	497dc8776bb13dd45cf20bfc003457f7be6f85c5
d86509353a51db7ad2827838d2fff7b15323119e	d563735f522c360f318cc69c96fb8f93d48d9c36
27d29b1ba37ef35284a4401561489c55faed3308	c9accec3818fa6a655458880d9611f8c94652fec
30548d93990666e667cc617fc988fd54560d3123	0e0a25cb85f58ac76c82d7c97898d134fd36ea03
89b83cc33bf147488f03ec5f87275da3fb331ffe	6f231cfbae960a7d5b6bdb029fa09de38cd8151f
cb2d61afc41164708bea4f7727788a7b6b1cf575	216f8cc0203e4ad786f709088f34302be52db27e
4f9685ff6d05317f130814907f960ead7d896b13	21eb251fa54e96b154a0a7fa84971b3deeac5f08
631d0c83e7efddb41d9d5e5d50127c8a49ee20c5	7db8d5317167871c6cc2504e0ea1180faed27fed
82d177966fd2385be3d93bd762d3d589e80920bf	8f1cf5620805016716dc5e8ba6d415a9c141144e
ae915cb47a5ba11d5eac94530d9c7415daebde71	1f103cf04d2300252bd775cf755010c93672b2ed
87b8708ab6c368d41b39a5a722c7fbe860b001f6	fe97ff3c2f2af87c2609dbdfd7c48b6944244aea
0c1ece998a2d5b250298440956323133dd077860	78dbad113efd324a56b7df8d6b2d1cd6c7534d7e
5d1386cd15f838c4c589518dc353096511e5c5a1	1149bb9d3119b768d9b3d03ff23a014cff8e6275
1c0a86179c4d845823c5817a826908e068dc2788	2709ebb101588007f51adf1c09ecca987b8a7af1
6b2dd3654fd5a9770bfd2c11a607f560149833c5	739539ae9f28c24bf77f184892fff98a581ba0f0
358544026badd544fc867bd6b5821664cc327f2c	e2611e963e6200755868913dae7c245ba9afa2e6
eafdb33fa2b1986a5ada9b23ef1183a8aa8487ff	79de73cd39f71755ea41bb28635b52b6f6aaa896
4c1d690435a484d9e12c279168abeb804071bfeb	fefa30c1c0333d9d5a70ec9370be0ad05fdb3b90
64e07d64dc1ac5033e9b2314f1c3a03b92e45c6b	b0b3ab8710d529399c4be7a038d85e5e76379aff
e9f58ae1387f32c46dfff01b910492d43e3383ed	a602f12036c84ff50e58f76f29a51c0e4c16cc24
993bdcefeda2d13e597fe68cae870799c3d4b248	9ea631b2167e5c9029a34348e2d1ed97a009018e
153354715e50b47200cdc7a1858dc48f64c7497e	0ea30aaf15d599381df64c4e4354befc71623dfe
e890ab7a3dc72de6576ac06df708989d92b86c29	b1fc6896d27d934e4a4a83cdc7cd74eda28ae349
425ca0d7b2988895e4748272a06bff6aadb54218	08d1d3ae73a2633bac96341bc4a893ab52bc67fa
739aaac19d8f11089f01b7004eae5b74b3d53bf8	19b4c1f82130b0b6b24e801836b09b5a18bfe9b3
5a2f9e112b0bf0f2695b1499aa364ee0f54b1c49	b4a588066bcda3edc8cf318c9c837fa77df606e0
2e0660dfb58c7c78cc7b2af094354317520a9aef	f06222f034df4c5376590d13df10543e647bec9b
04680d595f375b62d2312452b772938a469310e2	3c1b0d7a023973a13fa348148770d49ff2e70276
a2f643a8b62e1f376e5e0cfafa55530be07dd83b	b7118ee32e5e54c7f3a914af45ef6ab3a7b567d0
d43abec0c3a7df26b00ec6245ba9898371bae9cf	91e68c5d70e2444b8161f486ea1987c9409bc344
458a71fb742e87b561bd4a8ffc1623cdf798bd70	a46129c46cfd2c293c538d906fdbefc8dd561ff0
5f213fda9f1ebbe5bc72a4322b5412b72fa0c86e	2fb6d3ae474e4565b9036cd1c2436b190049a156
313012b0169566afd04d4da98cad19f3d321e140	2f6cca91085ca29128bf1111621f4fbe3fa6e4e5
b5a08d0b10c0600b3efd8ad70915c42e328f2de8	9c9b04dd8492ff5a581169757dccb76bd3b5bbf3
2b24a1b02e5532f1606aad73d2cf539819c9acf5	8b5d9148aed07d7b798200e388281a638c29c223
385cb1eca95e38b40ca23ec92cbc12ced19526ab	0d154f38559dfc0b0375935f991cde1c5f69ae38
e541311aa6386af2e122e5f68aa43264bead8f19	7ef2da805560e47e915416d68d1e7e4d4831a1b3
91dcddfa6e1cb02f446894f2d0bd52be68167643	e64de075a9f43915376c5efc67df0672502e249b
96b264dd05fcb281647bfe4f125a05a97e80e0ad	2a45f5e6075b4e1a3a0a5a1384c4f9d8b26cb6fb
a61e6c907342a133ac00b1512eb81bbe6a93f4a6	0757587ea24d1334869d1519426c037a6267e606
b8705c14d556bee14b4aee474cb809816d028bf0	9036246e656760831fc72f9a12a1ea7f3518217f
97656c535d0406def7d618ba3c8389fcd37424d5	94305f8e6c40275dece2229eada42ed057e7bad2
5cfce2aeeabb5870e3c6c78ac2f27e78f80b6029	daa305982bb979cc2609c1f273990cb2b47b5810
106e4fbe62243c2990a8b4baadebf6df4532c2cc	d592172b15e378b7b77cdf67a10c1f2b6744cb56
47857361e223d60d9fae8072a01429a7cce76f51	9116a6a8709435da17eb559d648b4ee66e3e365a
d521807a5408876ae3b25459a41d7f2d8a19fb80	e78e2940f77bad226b5f118083bbc248032a6b45
0fc5e4ee93bf131fe5749d0d1657ebe7e0989ea9	37e3166fe96d5fa5f16c13ad1f15c6c920b5ca04
390af6b30f31569765391a1861c7a017979b7b74	2c3995945485836f23354bcb6bbe4a116659e7a3
a8e5dd95cb7cbb6938726eea04aae14c6e0c0470	0193bbc5db2110902ebb19bcf1a70fccf7a56313
4f628af00e5daaa77c51b73eda04132d0752a46e	ae42689d648dce3df151e82c74ee2d84e00ea918
5ea014d44610bc3b8f41403016c37d35216ddc21	7006f6cac2d5757a8cbc986d8b628b59eaf1bf38
751e26127bd9c47d192909cec7dd5fea8a0ec020	dd2a6f7e915328c943fdb685fa30c3787e6d3d44
4fe467d84e242b2c8639e316bb183108f0500ebb	c1b43691ab767b32741682d96f9dce374d84b3a4
ff402dde59a8fc391273d5ea9245729ea69e40e7	998e52bc71dc36e144ce98e84de73ccbc186c8dd
8f38007a373a2c842044dc84c7d7c4c2dc9ec82f	3f1f7d933173eaf010d017e3f51dfdd723accce0
4a77c3be979f31d2a81470497ab5037738238d98	4f379723dffc2e6ea2c6d95cf8a57928e151b21d
b7c756335a1251ed554dfe3f2717888085d804be	445b196f8cea58b049afd2d7c0314b1c72d4e75b
28f9d03db23bcaa3be67b2494df29c81c4243cd1	7bf8e40070d4d607a1534e5c04ae4a93d829bfb1
f8aff2acd69dd82e97c78b7e938b2b0c7b57c0b3	285ce82973bfe0398691e6b83764c292afffcea8
eca1c26963dcc781db9d45f7312cc06343644b84	a8264699ba6f1024fc166210e44468b4e2543c1c
93ad740b4d5c05b6e01e4f753fef22075a897c4a	f098bb4de5457078093fd22c532130ae941f650e
4c2bebe492e24e07f1cffd150c36f9e73e8673b6	2ae2dc3fa8615b5e885737be279a6fc0dc511eb9
53ada23c60f8b0ca5fcf084476dbdcda87b80aa1	ab59196165520c83b93fac095ef277d6c8cacab5
5ffc6860823d37a827e5383e9a431964c03e5f33	e1ecb920b9893350341bd9f23ec0374911b141f9
ee323ea822583f2d1c15572b7526b90209631a94	03d078c6e0473e0e0220882791377736d0e6098b
9810d6255acb40c0506348a4bc4f8381a032176a	1003541f7b2f5361764cc0951995a32ae87e8bd2
bb4809bb68b03e99050f4270e6f3a312e5f87076	c998a90be9a5a893d53e7fc075cc78ace82be7a2
c9ca6bb8918c49e6722aa45f110a50e1bb6b8190	967b128efa972258c48ddeaf00ea1be0a5e44769
c8fd86d096fbd2646f8a11651c8d5e4aa1201b2a	67537483d230379c4a28c7bea6eb11b57bce42ec
5a5d79a2fa2b92043a62c3702e2c50e8dbbd4210	661b47892b5c5028eb807d30d2e489aecbd813a3
c7f396523b4f38c38f034cbef0e72e66c5221c0b	27474ddcfb1f997ed67f598eb79ffa8a2493f4e8
0dca02323cd2859c258d155c510898913b78daa7	88602512b5d255323a0cc8ee96e367f3b5cfc5be
2c9a42e492083325b9c2d11bc03b2a40f82287eb	2983db31f99ed6cd9d28b493e218c789032d01af
37a7dd47d4ccffcae7c2108cce821a1ab96614b5	2a6683c0c4bc060672649bcbdfac1764244723c3
7ed5ba6ca16efb977b0d4789e8aa3d5d152eee17	322d8366ac931b2cc8faf009149f657159c848f7
c9dbd73cb5577a029a6e37ea5ef32b511a573c9f	e1571952906d0e9b495e788ff51d67a3a0ebfc8d
4d0cf77618227932f38ccf59f3084a85a79da400	6fb07b144202ac6a9b8c1c99e1d1864a60590fb9
a50f78199cc01b9e2b780de7b71365454cc56009	ddba17282fd4a11acccb69d5cf0b98b23d287eb6
55d502eb329277dedcd7c20850f1a8934756d390	571befe5e7b478c06af874d4c92a9edbb43e6a1e
f6a635543810028037ec35f715066b372a101324	85e801b398fbe80d05f18321f1c7d061a5fde447
efb19da75e4747edb21c219f357bfaf07887e545	fb1cd3531f5a6851cfb26fa5ecc28dd61f8e6927
70d5fe05dd17d273dbf3e4b0c8ac29e71497e9a8	f7727a96f1ba9e5bd789c33fc606636ac09f3b02
929d6b2f610f05811a10d898fa69e79edb214a78	08de58363e7a95c95d72a0b6ceb0b648ae1a0207
a4bf1f2eccf81ebb13b32f56f2b5989bc16dd0ba	3fcbd23f9331549096f5edabb208eb33f980d6a3
68396333595270e076569816bd4a7ee75e27835a	637aa3daaef01b7033433d93754b3b963422e5ad
e600371584e02dfa47ded3c9c5b8ee8e9f9ec4d1	8e3eae06a7524e6f72dcc4ac9785ea8f4373477a
9aeaaa11a2a0106415cd3f3024ac9c514b0e448e	4aa74a5257e851c7a7d52d80f5b66771dc31dff9
897d24e8c2175ed468238a1b99c4e61e06e19e29	80dea39898ddd135ff9c9682c588bc024efaffd3
838d53d83ddee004e584e9c0e6149fd4f161e475	d542aad089954a2a25cb14a1b4e8053ac3450395
66e994b6ee8862db11068889bcbb761564eaee4f	b1643f67ba32ec3eba845d1f0a303932e05f25a0
d8e4777644fc5713a8d0d7824d229bc25d98271d	a1779d0e93a7893cb712c2e3822b3cc5d0c836d5
b8216ddf2731c560279255f4cc055290cbf47b82	bd14d8611eede9d2c730b5eca4976ea82616cca0
139cf2e00f308b5a1ee8b97499fab29ab17e25f3	bccc4f2b2c1bbe8dd916f3e340bc337f2460f150
e7ed219a4dec3dd4fce254805ff4e4303fdc536e	29b201e47e15092afc01a8ab6664844dbfc42a1c
fb8729e813a8f8faf4f80dd3225a9f7a31256f2e	8518eb8dc3acc8eb4cd51f75b90d8a3652acb44c
855b0a0e793f452272489afd8171fa9dfd1371ab	009d457cab3b52f6ac9b70bf19136c9ea4926435
50e97c8d82aba0aae1b426478f945e6c9a11a80f	af2fc0943784988d94ccdcffc28e62b81cbed7c8
2af2ee15cbe206d6df0c4b1fffb3e1bb8c1c4b06	9ffca414fc5fa0dd7d2353369268bcb4d12ac094
94b260d2dec1fadc8bb3f5cb3763218191a42185	e90c30ba81565a5e686a109847929ab613cdacf1
fbaf82da4dda175bd27cf06ba897d78b0b1a95ee	0e540fd88f4c07d5f9b4533a43f3e30471c3cd9e
036ca6746c7a169d6c441ca2c028693eb91bf312	5b3cc85367ce6f3f0beb4a96922fcfa4433a5322
80ad8cf15a4f54ee7c383be54a498a83cfc8b47c	455b6238959287cce61fc35789ee157a993b6284
b53abb584e95f4dabe7736c782618f8db0d012a7	4901f69fdde6cbb5bad7cc7065016cbaa516865d
0a188027359159963f522692c58397ec92f6161a	20f4df68eefac833123c560709b49f7d118a9d66
cc158fcb965041a8da6ab6ededc2617f2aef4294	18e785f1917ddb47efb9b27bf261f1f9acf71f2d
250cf1e472310822da88e3bc7ff1652e4fe27d1a	6d4d41ab17518b78fe242de517ee007827cd7e0b
759434cc296064001304d7ada9f27ae6429e873f	a5e51329feb9ebd59f4d773ca041b980bdbe230f
4a1ac4f592fd6ea3bdafd692a91a4dd6178c01e8	d777829710051862a004adffc232a9ea54fbb441
4aeb4b59ec501bd675a1e05aade007ae73aaaa63	244536ae21ade44021ab069600711d5bb4493c1f
8135a17dffaba2150110a070851d9844c52b3b88	b998b1222a99db3e1fb8281abc96b6e4c11f3c66
2d7e0b17b10148f50ef91b18c8b65d5fcc1d2d9c	9dc705b298e4a42f6fe2da2253c0e6924b9bb49b
19b42d6c7022f600d6feef3056002dbcd201d673	cb243cc6e9aca273382e73bb678f4282135be014
46ee6721ed793520d8267d55aa80a56a52dc4812	04ca405d98aacaf78c0e335b856a2a659d7828bc
bf0de4ad3c8cd949275d8a84a09e2ffc6db43646	9f526df8813406df4995059953887052d1b7f1a6
324a466969d233338aed0d95fc25b31c236b5cbd	30ff801de33a65d742db42fcb31116e712818b63
231a149fdf68e4b197a145526a72cdc18813bdae	3eda2ea105edfe1520413d73e1c0a489f8f00ff5
a105e22ba68ef6333feb519e40ac866943f77781	fa7f82d4b7947cf26512feef9e49eabdec1ba73d
4f5a444f100508afea1e3ead54f69fb9531a24c5	7cc25f33f83eed45a704d5e4236f582c8a104020
ff85fd57b7b715c44b8b036b893efe1d3b86ab48	9f5ba4cbacd1423fe6aea11a2045897d23b5092c
ca2a47860c322f866af9d6e28d3de950f16f8385	05f96e35a2ce363936b141a4220fca851c96ff4d
adf59666873127a5b1786129cfe02fdfe3968ecf	56c017371fc0708db4ce86a8d638998501ee3794
03cfc3e5bbb7be51fd9a7fb026a34f0d0f046060	9e08b8fa791b9067d7331e7c3a6f1f448b819d9d
a4b47a330f2998618927fcd2d3de660ee2ee0ff3	53332205fa73da2b8e7f7dba22845d0f2abf98fd
5d3ef06d23cecca2ad3503fb0a6fcb515ed5510a	87fc624d61be8966b3ff9f7f7d522c7b894b7401
7049558ceacba20508fa663c1ce6d623e115e38e	8e6d6a237da265aa97ee12f57803eba2f5c909a2
23f1833d99b3f85b3c6235d46b24c16b67668a9a	a606fa7b10c8b12015e37fe85061f02e15fdb68f
d166f50aec51345f4a830203779fba4f8176f9d2	2a5fec30afeb73ecb1b919dc0269580449bbb4ed
e810eeb177e4ba5e127aa14fbc6e8962da22ae85	8172643c1012286ba9e408e7c1508f398289b978
83b7d0bcfa50963017c783745838faa0a1e9a0fe	063515630dd4b19b39fa27729a67c22f7071c6f4
845f55807f400eb32083adc6163ef15a15f7d306	1304a4309ee4b7949040f88626d1d7befb46c958
55024eecf11b09bac5d2152301299ebbc1577825	99e95d579ce373917d8027be1e81df02da67ba29
192f613d3320460d22a555812e1715b654c54b4b	e2f2da17876dc9a28c1fb289a261099c1974fe21
7f8d1cc34910c2950d3e2e18c97f7cbe38cf5648	a9c4c642305c4c5e33e7467889ddcd962c87ac8f
1b8e05e64ada46341f0aefaca7e1fb1ce9e4643e	1d01e6eac8312f4c1f831b1fc5b72da7cec27323
e3afc087aa4afc0e2f582aa07f29175a230ec6d3	3d47a75dad0f181a75c3771dd1ba04fd5c04c97a
90878ea39cb5b94a7ad7ab1afc1ee86822ee5aa9	721164c4354488e16913865304b2bfa470420c77
55fae0caa6f0991228311c8dd436482b261c8357	9fc2fd5646a0474bd2517cf616f8e8a2f480ff47
859586cc7c3ed3cb561b9b5dd0fb2cf68e269e4c	fa162bf54de1bcf46a6cf7c6b37119fb518e8f2f
ff18a6825ff3c044cdac4cffd6f7f6de34f65a32	3a90ef397c17f567799370c5011c1d242994aef7
aabb333d7b9f27350d39ffde9d02f01327d60646	4d5bf38611cf378766fb49205beefe2c007eb55c
16eab5b637d158a3cdbbe8a5677c27f34286f8bb	feaf1a399e2d4a65ee23a00435b4434d0592b25e
b10a9bb945d220d88ec2ace132a86c510c3bcfb2	cd73399eb46f34abb9020ed0bad8d6ce78f38168
37afdef2dfa9f3ecc98d93976f6970a1ab8ceae1	8df37a8f25a53f06480326ac0b68b666bf5b950e
cf26c090176d1f90c08e3ff4bea67d33748ab912	79752a49829626de92e13423db411fa5e5db4ac9
11b001997cfcdd056d093bbfeb6d8b447c1bf10e	beed67f694bf73db4aba5e63d849f56eca33b2e0
a9c6a3b338ffad916b727c6d0f11f5ce552aa38f	64a984da41346c12f3ed9e0d28f9377a6f6b2a9a
300379220768c6b54f8f4d003ac8287218f7378b	8be7771a23a4cca920964afb33cc62a4f7b4fbad
0b8823428a2c52b43954010256b36775669be117	86ec9dbfc1a3c5bc604826543f6599d757223494
15de577d6e8745608980cbd737ef49191e4de092	530f0b1be738e4cf1003c05fcea5da60dbfabc71
e04f9e8a6af300403897856412a90364ae9dc655	22966e62f70ce94966c4c2be9d9b81c6c76ec0ad
a34ab6ed37096f7f5fbb48740204af0fcbf7f6eb	9ab167d05ba0568e7543371f805a07162bf11bb1
4b38f947ba529b8d2fabbfd1b2b972ee5f61cc3f	a9ba0617c037bcd74061a4b8f6f4671b01a85838
5676057ca5f7827d2c1632ebfac940fac587d370	133b3b611ffa45df945e32e05e9c1e0ecf0a5b8b
cbd4c3c893ab7a3b8bed3bace08e575b15935ce4	28b7faa71bad6933bf8520cb1abe362471aa48ef
f6cf64b23e252cb104ff56739b98a2ed378972c6	4df7ab9dc72304da756057273d2aacb089f86a5c
f9670b0021e4fb62b753436d7b3e4e91b0f51e9c	3cf71d452dfc2d8a11e7bcf228573cdca6e8719a
609fad6dade9fdb0102d0ed67b02f41cf69b879f	38c1d4f2163fa0ff008bd417c775d847c32917b3
4e7e6ac6d10b77cae027ee9f44d1fc84a5fafb8e	66e90cf4940b7b4985f8ba0f0f82dc36fd218a38
5d8a86f12973d4a0e48e5e6bdc517014017d5875	4d2380d52e34f9984ff57c7e39b69e5316755cd2
752500f7a0d56d61db79da277b1f14c1f08e6735	1c65d534fa02b5502ca1670fa00fd69d6296c2c8
dcc29fef280e38d3e7cc4a87f8d1c6ac8576fdd4	39581b29a41b9da73fb5b488f0b0eeb1c8ca8d9d
33546e7ad9b99df00a4e2e8caa3327769a0e05dd	acc7a52f8f6505c4b6eea8efb703e0013c2ec258
b48add91fb4b74d78d25a7a77eedcfdf3670fda7	4bbce4fc5d9d548eeacf8b88030e73087038a333
146c37f17a02884832a4656af4d765b83c767864	fcbbb1e0c5e9e101a10d0ca6c1b9e50d378b3f01
0e62d4d808168e23b8e097bfb0e2b9888e8e7503	994cb7d381d55b47f584aba652fe795c34fb99f0
916a1ce214a83ea4bb962fb48ff5f06873c417e2	ba906be92ab74a4b18e18707f419db63328f1b01
00256dc667505d33858adfc508b604c53b57a91e	b56608d13c44099a622fde2876c397ea1d330c23
4b3a4b78148616de62f91def118248bcc194a79f	4cc1a0c936e5ad7f5f4ba9259764207ef8a8c2e7
1b85c1be115f46a35f86cbf0f114cdfff2af9400	788f3ca2d65d71d1de4577f94d6ba509b6d23a55
26b9504b2c980e68148b91302cdc541b2fc665d5	2656c77c41946ef2c9612bface043f539c17fd9f
dab74cbb1a3890e9c11ca72e2d40eda44d49afc9	e947d16fcffdc615b1b8a874ed0aa8d0f5ef1ac8
d006665017ccb0c87cc3654184c23b18ba2662d1	219904066cb4549679070fac1befa83724bb99ed
d2a333b1705528d8a832d2cf1dfea3a170d17eb0	cf6b320db64082493f96088baae0213906c2b892
d71ea7e1c945e5d5609767485bf4b4f8494ba76d	8c0411d07fd09a4614048604840f2bd724257e77
5c448702a7e39e32970f89fe08a4afac58f65636	50c2985e838f3cb90df710fd237fd2aab675f072
9fa447c5ab4d38f7698fc3bcc6259e0be3be27b7	5f38233a53617c7c164504eaf75ce8e4c7159b0a
e743ddee7995374d006c576082a688e525aed6fa	577f2df7c6ab07ce9a485ae117d5e7c0411e69a7
5fb26bde5158f39bbf6b7d773a2a2aa200f25d2b	85338bb2f9da6761e731e1da2453d12cf814436d
9b6dceb836daa4d4434cebbf376541e99e632119	7dbde846adf32cb37cfe9a7331a7d51ecd34293a
9aec4b3f42f12f25ad097aab1c77ae699e02eb72	aa2c8211ef1983fc41a453c94d5ecdf5766f097b
a0671a472c99ffae7983553a1eb781b452342d6e	c77e0391a9cfa5796a9dca0629561e1479ef8623
d5ac80ba3f2d320f4c7b87306efc860d89022826	8277c08880f395f6e11fc6e476de87cbaa3f8c4a
6bc67658cd4b85c73dcb9d442097f208a5b672f4	1200971bd73d2b6ba9fa90a6cbc3602d25e3adb2
e5693f1f6599d126dfbc1c365be4675f82eeabad	fbcd19ac64444d0baec60e655b529532304052b0
fbb5923cc81f368d227edf7975c4c9af2258698a	670dd41bd4528d0259262585f44941b64e3f517b
eca394eaa6e0b7513cd406f9a5b1a5f3aefc697f	64b454f06789c8eef7dd6445ff8567df30fc714f
ced967da20026a41ee87437a2ffb4a80a62b7318	e7a078833b7fb057da138248032ffdaf2586df6e
bec15ce190bce2398b2de19d03b58c6357e86f4a	7eb2abe114b5e1926bfd75c1448243319167a240
3604b196cb718943ab64c12045deddd809e79ab9	db1201bbd2af9fbd513064ba9c9a7eccf5d1463a
befdfbae824f152200470388c81a5651a9a00dfe	538efe1038e1ddd38023b8f15e1a5694bcce1836
73048f76cdad1846f09f8c9627b68539be7499d6	b5aa1adafefc66ef4eabb5231c40b9d516ec0a46
8ce91edf3089f766a24f753a67cc73368e146ce1	09c05aac059aa756ab50887ac0974308d4aee710
b238ab6088621b7763a328bad65610d3fc42454b	39b66e0fa92ebca501073d5e75168fbcd30e4b9f
fef791bb946610102cad39f7e6c650cf87d76708	66d36a9c741907651d518249d7ca601f48c99ce4
39b0ac9d8512a425c2a8731def088d9936b1c9f1	b3133fc464935b645e98ab5af438ab9df70aa603
732386efc1a91024c63eb053340b67efe9fad80e	c9fb857b858dbc25036fed5b74e9afcdcc5acd62
8cd1d21c83a380cb82ee3eeb79459d84d9cf7bad	509e7ef0f2eb4db7b1a1252779e4e7bcd07f51fd
fe7e2dc94500d4af4198aa901aae8a61947e4826	e00692709008931626210f7b06e5cedee2f59982
1116ad98fd909ffbdf85904de68287c6be557700	041e9b4dbae83197edeb2229b15d2aacac6c0f61
bc0285159a332e5672bf72155882e5dd3e273ac0	de6e40714e7a3a65e5697cfb2b94e42a8a386a64
0c3e05e8e167f6c7fe9692cb4ce111d4e1101cb5	65d372614322cf7e5cefb8b2cd66eb1dd64f6a6e
06431eecbfbc44e013802d1db32d9ef274a9dc5f	de59c38e052bf72a3efc31bda77a1db74624681f
07675a474ac8979bea0e6264c33b6e9c17d18ea3	2122e9a33cefc8cef124f690fd88430612639498
3639f4715cbd0911023c2304d59d888ec42d269a	1c4076680d2d3ffdcbb3b6ddf9415aafab49424c
31b97694a00493ce6bf1021e4099f976dcb68418	321b334567c0ba2e55127d946de46b1700e40671
93c8f7a25f1586050e00ef7832c926ae4b7ebe02	ca7ef5e1c925b2c570c2f49918ce7ca5efa6f1d1
5c54f976d6d0d07b61e9f536d48922ba9e50e6bd	68c9038dcd87ad643868a3ae145c9b63091ef3c1
ceabd2b1691be2e173ccc37dbee6431713384e48	36da647d2a8c6a06c566cf6b2fe01754e7521147
a8c173181041f071856bf44949cf7962fe48a4bc	8d1ea7e274d5b12a3f531f21aa1e7ba46e4dda6d
cfb79d42f2ae2da6de0596b053f07b721d6b6f01	9959e0fcfb66aa7b890dd8e50ae8a9d2ef79ed27
86b9d7dd129aa8a31efd687ebf6278aaadbdb01d	827142764d51d7e3bb648b86808335b7b0598ac9
6d68edb58c00692ec2976730ac7e89185ae8389c	384ef6e16e47bf1cdd7a98cf05cfca5f0e02dfb8
19f8ef04b7b17686c4c165129bd254756a328338	f35537f405818a860a61f7ca79fc24a6eb51d282
ee254dc936931cf5aa83da48d4b3c59aca4f7927	26a39a0e65f885765b5c69f4a93c4150b2640da5
61b21a78b67f1261b389dd938d7c612e4416ca56	d0e18e3018dc06c5c96723a6ee620e8740605161
0e6df4e5f4483cc44e846bd6fe63864fce6bf10a	dac5cbc9cdb0f4e4e2583ad20a8b089bcb7650bb
391517624919500b14a5d901206f84bbaef76c61	6b0cb2650a173cd8e21c20b6d06ebbbc5e1a9356
c676cf3326fb215045b0fa97ed362d4d1370bb99	b01ac987e0fd79cd5c396d6ad22269ddf65381e9
121b23877166fd3cf86f77f56fb8bae5f2340ce2	197bdfc73ca05f66929fdaf3c35943566f1c5926
0728e8f56989e3d0d373ec8fb3d4bc952207bd39	9e16b0dff99352de73e5ddc453cb3bac830ef756
023e956817b64643369ba5f4d99179cdfeee527d	e43087f8258f4d8dffd6dc0f827b1d52842dbabf
2068afbec08ac4e7bd5d7eae8edc177e0fe1ee2f	81f24ed65a5b674ab7e70169164f6f1afbe6b064
6ca4e1456216b4314056cfae83025e113d43e76e	081d972b81110d69550c9925bbe7da75589919d5
cc90444140c9e8d92a6d081a716ee21085a0340d	07c8fd5be345d69d57f84d31e133899ce80e87c8
df80f158dc49ce75c8dfcbd05055d22270eb082b	35ec8f500cf2a218abb5a68bff1f0131fe86a31b
c82e67e4e546c7288754607b4b06fcde6ffce997	6347a8f0a6da2ad7c43e54bb3b1277d756013796
5f413d1096f25fc354cc5ffaf131d1d70458309f	8d664e02bb6aa9eaf6065f5c3bef9ffb7ae2cf0b
faeb09613f05e62a87d182c5bc1652f2d5b2a49d	d1f3309c2562624f9ecf439e042f86d46c489d85
a03aa494d6673f624204637561c32f35614dc301	f04b5c4607c47dfdeca944422393d8b68bb60a49
a8a198f1e01812cdaa9d4e58e43b53d89fe7be36	a6635497ca3d52304e12159abe990f5de23afcd3
e2072abf42bb0ea9cfd4004bc48dbfbb5e7400fc	a5442d8b9782a84f5bfdd6d6050d388c895b92e4
8369b85bc38f7e3e5fb302a80b09f64fb4041220	21b9b16182425b93855484428ee8ca3942752ed9
260af4904c775c2eaad2946d31ecfc435d55c2c7	7f140d799d5d5ac44f70edbd5218142b0f332981
cbaf11557ecf10ee3b9bc61e36e041646d9686d2	84ca9befa1ceed8ed15795d82ddb83f940a4cdd2
a1f979684327b9cc1faac4ee11fd7b19898ba70a	a13b909426a639cfc6e65cab34894c144b0778e5
e09837cfeac3373b948452c7fd9aade2cdeac12c	4af64693ae085bcaea49308b3976abee4e997a90
d5c471648f12c8ad631516f995fafe75e84d74aa	7fe1bce812eeddd51a51cf1734d450a56da3e973
2e590cc5b3b1c21d03dd471931f7154f905e9988	a2cfa21dc44fba7cd58e43c58eb5e4858c87673b
edd16cd26c08286525b6993d933a20acaa8d74a2	9a5ded08dd13147f5048d295aafef9e792869246
727beb3cf99fc16184ae165bf57e0777a05db0da	46b00c227767ccfaadb769a1710f7be65e708ec7
34aff43dc147f8242a5eb240b10b126b25cf969f	163c0c34e8a6b8260adda65e5f6224876f53b6cb
5d98143ae5db73333204a96717e43b5856108a9f	b9a5ee72697f922ab6a094c3fe02b0385e18e8eb
6521c404164bdaed8cd52c0a1df62c0e74056143	74af877f21333dae692b68955d50e0f36c2724b7
c9442f80d02f5b42a92b809a0fe40eba879f8f91	e89dc14e23e710fc948d7bd333df6ef23d398894
83b4c0a085835b2031908f8b2a73bb6b79f62974	96455b76e91a5539a688a395cc9de82f787ef604
e04c7005c13ff73dc4c8ba8107f50badb949be14	ff52e4fa9dbc75525a53ef17110f845f9ed00bb5
c5b9dbad3fc44471707256e7245bab5fe502a870	1e27d21fd07bd3d31ab7376467b88c6ba907fafe
3bbbc3adeec9f725f4142c8a3c2e2ad2bb94d596	22f123230934252081da0a82ecb2344fbf04ceb9
84f745cc97afacc3af3289c346d91628c6c1cfdd	310adbe6b9fa8c69386f793f4ce4616baa3d8b34
22ac05a96c2e55c51c2c86c62210b12893c6f574	e9d087776726e6d2602b36f827b62c60117c8dd7
6b472d8f52e503c6543f1c3e7f01e058b3caab33	6ae2d46e9b5cd5e2e4515e1c29171442814dd522
54eb73237c6e6499912cdec282b02faa090144d7	75a351b203d0b616f46e0eac5400960c5fe6f626
6fca8860e2f7286d270223953804c4cd06b0ce27	13796e2b8aa6b22cabea4da3686c4c075bc841f1
30e85544bbc11b5ca7dba22a461a6187cb293e80	e505cc28d322da7f701bea92e95c1c60a4bab353
531f557910e8d2eae60dac58ad08b685ae8adb1c	b62b6755cb8f09c7e4f3522defc76c306cf32e76
47129281db910f218be35f8061298fc51596ede1	d42b842bc9e73e587e16f9eecf58a6c46f7dbded
02ca896377661ec08c3e50bf7374794253936ff3	3035992d604589aea22b19caf62437aece8dc98a
f7acc09af6e0c780b8b6bff90f77eb6d82971dfd	676527de780c0d8b23039f4913352f87a8d89d72
9d1e71fcf930680bbff9b08eac7cc20a2dcbea3d	b48a19e3d4328f8238bb6185c659e8c21b2b5b7f
b81a938f41ffe57e76689affa4a4644b45bcae22	cc3194c5ed8009d8d014ce9f77b7f5a8e14006f5
dadfaed28e10958723e7711d9f27a986ef7d1267	51ed12d6edc64bd9b1f6c7208cd9a7856dfd0565
e0126a7cfdd4cdb4dfc3f2545d7b0699a5144c1d	405e9a2df139c27719a5cbd657f1b5db452d9cd4
90903f0c0c7328f5142731dfe4504aec676b00c1	50ca69d2a5d1cf5f54901e4b5961f2cb45d7ce6b
73f8f6cab396d33f4f01dfe9cb9417ce7ed46864	21439abddc9495d26306252153e8ac0b7b5bc121
e4c629fdb75cc152a9d4fa63783163bf6c609655	c0f13f3fede22eefbd86d9d16701b0828fa81e9e
cd1289deb29761386969b6432257c09da16d6e48	0be7f85f75a7017171734e86d74a9dfa8269012c
b468209724733c3c9483a2d2becff09f1d4b451a	4c3ea9172320b07a3b6b417491fff77f170fe8ad
dd36a4bc3c877993b0e750a0503b9d2e37d2df78	e2c5805805bc208a452f5813b89c851957c2f200
cb78f8828a12c3061ee465bc5b08269feb559a21	b159d66addaf3620814865a35902312f25e9abaf
dbf095da1b22a983eb6f1e8778a4b6a91c35d557	cb32c44cb7c72f4fc7255155323cf73dd318e14e
cd8a40c75eac7c835c8057e012ce7c86ce82e355	92bb80e3ffe688475ca90d087f7167efa81d1bcc
7ea716b8d777421dcbe5361b3931480ee882e28e	5f01f81a7b79de2a070f848f5100abb5fa010343
ecac51c53d8338b1f31b6fc8145c49e3bb9853d8	00cea50d75f37ae1187fb3d06fe1872f108855ed
83d0e65cf8951ff28efdec81990b480a54013259	8f2dc2256a491588a1551121c077827b7c5159e3
5efb5b624bd6597fab15ea649bb25dced0c87a1b	a8f757b77840d37f8b32e970f916ec2b98497c06
46ca3cf0c9201fa13bd96339ebee8fb5a5c7b95d	ecbf0c8a855bd0b42e3506d933678d0f6a766c95
d097d840fda3a5ef73793aa1d6421bd6cc224d40	ea000a43c175d04201ca9471944d74ea4fd6330f
fdc89ac198821891c1c390f6efcde6e9733cbfbd	5d3ffa0ec6a7df962a4e1ce6fb21599ffc86fc9c
db2295b2abb7dcedad94ec38cb68a44d1433b814	530b35a46621400d43ac0c1a78284cb71d168279
e4eaee63c2d01f475751c0e3accfb341cad3c7bd	25d24b1910b7db5355695e77fe610a28614985c1
f6dfb09f795040ad49ec0bb122eda0622c08f1b3	91f3219a2a9fe8fdbe9de120b22b9fe628b6e971
b8fc7efa93ff1788064b8815e74912a641d45035	f200bb40a7575a10d8a6685d7553a69d9f9c3f0e
7836a6ea905a3471600b5d7448577db5c7716eaa	8cdd481daf33e61b6a965ef36fcf4037308cc713
3361ecc6d6d85a32bd18f970675f65c41737fff2	9142768f98aea6cdecb863607caa8c43666c3814
2685354246c130ff4950f3f5618a2a7a69946763	281fce583aa42a198f03e86493f4106d730a76d0
a11ae3d74c00fb6b44c03feafc4ed371680ab57d	5b4a751163fe4a47480f19f0abeb3684fa5fff42
2b1a229e1dfab2a6f72c849a55177dc8f671bb67	8cbbd810f9b9fded6dcefe9eef01d94192f75ac3
a59dcb64f189a8591c7bc1e4ee934e61e94ac353	cb80342051e2837be3ed07ed2765ccdafa450c4f
06455b0360061f4480c5b1c595a3e19b75e7ce30	dc0c613ddd1d9a4f626abadfb86697bd65f333d2
db4207fa26d67c17c925d50eccf698826b022e1c	1f090c8bce0166adcf9787fee0586493907522b8
dcb9823520ffd74691a3c521c463bf34079f2bc7	21237b1ed22fd49d32040751c2ba3714f6f78f8e
d3343f128ddcdb56c7d58301e8a8154a5f7d5220	83ece68bdbe0d9f17821c78c163ec8925856dd46
c1ec7b87abe41ba3fecbf185c605449e66ae8d5b	d1919ec5c20e41aa48221233be5e94f9442edfec
8a294d8ea54e5af7066604f67182e5d9d059301a	e4fdff02a5a7f142a7238942a5de405709cc58aa
5d2f300ef2a777ec06e86eb55fdf8b4d4b9ee6f9	f3d8789c64c232bf29ca290c589da9defdf4312c
2940b71f61cb309626eda8ab32b4512fd2d72f95	3c66f734a993e3dc160700f1bb5f23332c908fd5
cdb33d924eef38813b3ef31a4ddf53a6e2c389a3	fb919fc8485b3744824fb63d426832004744ae18
2ee877c1846a25b1b75251a1ba0ad7e21e76fca4	2095de246e130155d6b9df7f6a16de43494659e8
e82942e16ed3b84266f534fef6ecf9344142f305	3777dfcfd3465cee6359c6e665856a5f1427f4ae
88ddd1d075954875fbaaeb0b655a1794693ebc6c	00e77b6e2aa3a9a8e5a96c57f9402f8e77a2473e
46591d11f3b8e1ba36bdd1f09b7cd6bf88827623	24f32683e3827463d23c0d8e41fb65efde0ec50d
3857bc746e21880a16f33d06988c1aae5934fe55	ead758e9eeb53d619411e929d0556d202723540e
04d3975ab4e8bc221768f43d130298c4fef6218a	4da7aa1353e44f30f305b09aeb3d55070d2ce16a
1bfa936f323b149d9f248fb7f7add3ceb18b09e1	dbb2494c68518770916235c324d2ebab5c15d420
90d58b7c8644fb5a44ae3e7ce41ce3165fd26e7a	d94246ae0925a11a3b326c177e72a83ce0c74175
51baf49961e2190587694b6bdc834631528e4df6	f0577ac4c1237627a44c56151df7dd3ae4481b47
6b0189f741b069e7f808acb9dbd90ea148623b66	0abd30cb4e2c34d9ee15c93e30813d9fea95f048
956f6ea295a90beb7262d8e7428d92d057d28854	271023d54a707a09948baac748ebfe0bbb41ffda
aa99b1b3b7a0dbdbf8cc7beb50a02c1972f11cc4	4a2ab869d939b88fbd450f03876e3f92ca7e05f8
6759ad5178551c9c26e92ffd5613bb87f8701489	a28932a03a66711a3d1bb2119fe298388d9a9a83
fc4d5ee8c896210aef0003e6e78d1e85ec78c40e	d0b9ca6e0f973e6ce9e86f57606a87411178148f
bf34988aea494d2f991440cfca97eb4f279795b5	b85ffdd56ad65a996b2a1a23efbbb07fa3f08112
36eeffdc275d923b4ceb6453f95baa4bfdcba1e7	6131e6832af5ec82740e149eb3ae980a0f3321de
401d300464a8eb371ec389fe69509b5e7f8f5ac3	d5d220dbc87244b23d0d1510e633ff86f66d23c9
0783db4e5fff7ee0a7b3208fb42f3e62870479e5	4168f19aa490800023814ac1a48a813eea5a4e37
8f5f7e67682311337bfc1bd6427962d53384fb1d	32a726e3e584a72e48c58a947deee31eac1dad17
ee78a803f0629c8294d46b71293c7ef0f3225375	909aac39a9c471d5c6a89d75d55382132de566d1
99f117379dbc82ed1132f8f3791bd5b04248969b	0bd12e4d2bc9df426074b35445e5fe483a3ed996
d05d6e5d40d529cb81be6f66661c4724209aef51	f54762d859bc0a72fae6f937ff7ba453d9424c8e
a222943cef177cfc20800046642d029e1552e037	0ba6366233fc0d19265f6ad57f6e6cef1f171c32
87ab12bf0a797c8c0d797f0099cf3d829f59e311	beddc53fadf46231dac70e69d9a1ffa87b369258
d11bac464fb431b95f4cffe1379df0cd682d511d	366e47fae7c845100ee611f657f8df274f77df2f
44ed37a6089b262311fcf558835ef5a58d94ac70	373648294403e01bb4235323565ee2d527e3fa86
821cb9a59115fcaf05c381d1329cc1b8690aad21	a0e9ebcbd33d775d7985f52647f8af2a60d0c776
671aae500bbe85cf3feda2508184af4161c93e68	2d8d65c40aee939037ed2e8fc44717e50f475da3
a5d245e453729b7de559bbe4c3b2d1cd326b4a99	e87bc50acfdf3ace3d9cb1d2cc999c959283f883
11d60bee2db6413fb34fa516ab732bd7b1b9ca8a	ffb3eefa6a82b0f4a8bc57ae251e79da3390009a
7cfb9f7a36a3f4935bfe447e3d67d55a7b02ff63	b8e1f56250dfe1a9ec46d315b71241a3f68872d2
7baf237d9e86f7bf7e9a22b50f3d1566568f81d7	585149b9c39884689d12e73154b6a8d7cd521401
b79fc146416cf58320b51e88525e4c20f866f20b	d123fbbbd29556cffb22570e3bcf710df2838e6c
1a66fe0776c251610278b0b62a9e2ff827b3a98d	09a85ba28f436b3b13aff9326787db725c677bcb
3da99c4488f302b6c2ed093854f0c18d8fbaeaa7	c0e95e302b1f3b804cac77fc49e8fe69bbae4995
0fec0fc85cd1982fa3dab3c2890232e8991ed786	73612408adbef59a0b3da69a073b5eac5bd5b724
767809ad907f7c33a7fae87dcbfdc0ea8f6b86ce	dfc25aba4538f7fa5d137f8e8c4f206ee0100868
f2680be0f1d65e725544f0a38152a60c93208acc	3b5149455836e01880d4d69521d42532e2fa8b89
0ddfed26d2da79120767c3c7de4875cb5d305b7f	b1c6e32cd8f67d0e17f26d1c460e451d87b9e5ee
6390d0d51eb7e32095445f67d1d10e089f5e4eb3	c8354a32b66fa299f436df28ce181e679a9a01e3
6aba9f0b45a34325c47cac327630d6cc47712d76	3dd0f9c5ecac91cbe3f997f176fb0dca41bc2698
5ddbbd6b27acc60a11a65726b56c75ee03aaf579	2273ab18937d133d1cd44c6f8930f39e5938011f
1da8c1974ee17b23eb126005ff1050f11de9e543	935aff340e24d2f04cfc8e2e5aefd173ceecb670
2fae77428fce30ef9aaef1cae751188ae775345d	8bc874172512db1f8efd3a35524f8584b60dfbec
207288bc533ee47f372550d30b571bdbf425bd6e	48a366a11c44a753ea5f960f9d48aa302a19dac0
59a0ca527e576062fa041799153fe1fcfb9729e8	d3d3457e5b154ed253a2e08f0e1f1f89425fd423
909e0116192d22fd904376d7990a588c5854fd53	c58684d815266874a8df6c7d281a47fa5e1ce5ff
babc23153d6b99ac8a98442da682cc3eec62cb2c	fdafd5732be8425e6a809c0cc9b80061d7d6b8a3
832645b70ee0dbbc8d49c243a57c4afa92d2180d	2c03c9dfe56a3bd3f90d2d1665fe2da799919640
1e79c1dfafd19896c8f3f3dc25d1d6d429fc7b43	d38a92ea0a88ff54ee23cd317296ddac0a39be34
bf6a984bdf1f2a10dc9382ec91ead0e4366616b8	f4764eed1ef33e943ff7708568f670f3a8da0795
706309a7db96bee40421610dae63696c7144a812	2d5afad8d6650bd1b73ee6bcf5226f76b0985d7b
65bcc610b3160d6d7d8c487d35cc1e9f013d1b01	a342f6406cf9748a08f8c44a83fa945a33d47f1f
2ac0fd43ac540e196b0b44804db024bff30adf20	97d89ec9e843560ce8a9d7bb8d817dc129be8d5a
123beb7ba4c70e3995cd5cce5e62db3ddacb8d57	4cdbd5e86a85ab2d102508d7361c56fc073cdef1
06eb50badaf603c1df61a10c1ea2fb63b8037751	e58d7be530dbb5f3b107ddfb97394b9b41506a9a
