96d96ce8f072231fc9a7ecf735dd73d66c93f886	737295da0b1386cae76e9a50dbdcde79f6502f5b
298307018b5f6c510e6fbff01e86927c82b56a60	9bb96642a0087a6f7cdfa56ca81b4cfa01204619
cccb525ba83f1e4ce04d02fa8a14e32c31ea78e4	6e87ddd843dec01bd9f30c41ba3d67fc04df8fab
0dff4d97943a2a6988ecf9d57e5206fd1169e77f	9909a155cf7db7ff615affeb5234ebb3d1090490
0f0c729bf05391d112dee195c23afa139a645b4c	052b6140e5fd198c5cc5aebb009ce97ac4d5a764
3f1417806689d41a9066286f6d923d94814a59c6	ff10fb69624569afaba4de6cd6fdd1b3dcd8b0af
17cebe75df053e434397244319a2980d3efa00a9	e66409f04987f955c58803d804d3e4b50ea12b5d
cfdd335efe4789368f65f35f0d236512094d265e	1d6fa1a0b3f9d519c80b31c7ba557dbd54c2f407
e3eb6f6d0126d7f37fb850bb0290c559b48d7993	6487c503f4370fbc16361841a71c42140dd7b792
42938345bc2cf547e9684784c8912644b6b19059	86b98a74e5b43700d171faa8edba8d2f4de18050
8f9b29176547bacc26dff79ccc6856dee492b6a3	083b3b8cba48591e0462943d499e602b0a16c51e
8f38b7c32a1500197f106117b8720aae7867ec50	cf0d04b943ac7563355c013d30a854a6f58bd95f
8b068b981cd83190463f0aee0c1c6c86a7bd5f09	a98a52c8d5559f4c71d02db949f7b8a729ab1320
6c807cfeea858aaab3802da1d8993d8a3a01714b	eecfc6bb825215d5bcc38858405404aec98b5b93
68824c7688652e2077af8c78292f5887a95bca54	632c49331d4f23b1f46cc414ab69ec3f5fbc4a0a
2e0f0eb14a5a2a12a2e0321fce8a969e738542f5	8de15137b6119d44781aef1d8b968d4ea69fcf2b
5613209462eb72dad220cc52f5135535f2ec3f43	4f7271d6aaaf70393d6c6f9a716aab8e7d7f34a7
f00c10331c2839ac50988cdaf2d1ed6a4fceecee	3b83734dcbd12b3958b5cb32e7e1ad1f220af6ca
a84c429c6fcbbd373af9d59fc0b4b73337cd3f96	08f17e2083e9891d963543b8cf64d9703dda9653
5b3358500677fdb4f1b0bcf17139ec3fc9fa0257	7707054286082bd7f2dda0a1a3aac29cd743e9eb
385fe60d6620ce8291b7b4536ebbaa963e5e2b95	c359f2824160a2b315223be8f5fe52f9d2383053
21c9c5c753edc894d9491f6e1fc4e7bf6705a150	7b6bc16dd83913379dfb3d4046c656ebf602f233
426a40042912582f766b6d5909258d8abe48d38c	a0b18a748e71593409b4d42a9397993ee799bf00
98dad6f65fab42791008ee3cb5f9e70ea18d17b6	0600345c44c0e3cc9dfdde643755464b1d4f6afd
8a7bcd168b8f986098350701df355d4e7047da14	4f7a06dd5436b6ed8265274832b339db30e4a540
a92ae2bf7b86e0ddc4b74ce4bc37568c2097beb7	9239dc4216b31ea6f916d45fa36da0f8b3efd1b0
b86aa70ad61d5744ceec2d547e6140a93e01eb6a	6245386deed571d97d47fefece1e7c51b28718c7
c3dd0953da7b6435db8343f9c87a90faf4945786	33d9a26aadd1a8d79bb9dd4b21bfcd17b5339e3d
06d998380a4e514a330487b8a65663fc14a741a8	18114a7ef2c188aee1ef56c103e1dc3dccc609e2
4e3d0ea6b925b5031c815bd82ab9872f4f1d1ed6	d35d0b97b8f2aaf115f5a0bd82a44422bfc2bb75
1b310056da8471f555a491fb16a88499f08b9cd5	95207f60785c8ed6ffcab16a9a655297e9783fd6
2588f5edd79b2f958facf6a383df876ac33e78aa	21ba69cf63e160644d7293673b99e2133b25eb8b
0b1d7f19c018b1a11f703d78c9d997ee49148dcc	0251e2a3aea82776851c7b01da949d55d532896b
43daf46fa0379ff2083cb1b458e27011c93fe13f	27b5c9318b4152934b16ccd76119b2f39bc94a78
26f365c9c888e6ded8a267c4829ac6ca2d67a773	f6eae488acb0c74ad76f89d522719a2ac6716e37
e8603a5e5fbaf081307e2d676a4e881b668a3dc2	34c94a778ec30551208d50e8bb6122f6d7f04821
983f31e0131fe5380eaa4f2325843fcade81ef1d	107c5c786b0fbf9b6ae33c1f17febc7cafa36ae9
5bf9f859e4c224e7fb35fd8c7f09670f2e8b137a	7d05e4bb17239ae20bcd29442f79e080699c8881
c148453716f3d1cc9693f32782681f1a6a7fb6da	b6e678e4acaf896fc25a1cf4106dcd4f3728e116
b4e794973398cb693ab9efcaeccbb099ece2e035	dbc045b55de8eb764121efe0f4aea53837536c75
eabb44efc4766ac5207a8666391556c4f05019bf	31498a837667fabc9ded1de2abadb4626d54f2ed
e3cf43c0de510f6716d24f2a3d863cee1d52b55c	845726ba65cb5af2087a514de7cc99ab1c876c1c
fe962f52b1001d5b550764c34ba210e7426e7703	f3c2ec100f164c7cde0d11cf7924f7fd1545464b
000a360c4aab7dacd86128937c5f499e0b8ff0c3	b7b698d4be30a7cfcce7f6a56129a6e882e7aadc
4396d34564cb3810aa520c563851909fbd4096af	6dce1636b0434feb9c2b53c6cae3efb08932f25b
b65bee6f2966d2bd95f158401e3862fe8977753d	504c6b1e8e7ad5e6d50231a50e74f5977fb61122
31ede6e9df39e389be833454c8e29e17d4451d41	853f9f18559211855ba6419465e4bd8af6215cd4
3019188ef3552d03f7c4bf8afabfa46c47ef35d4	92fdd0e583a41ba3d8a72e72b5e7f707dad612b7
98ba1e6e77e63832d136f002726424d8df65bca9	6bbe9848f7bfb80534c8da13b23437000705fc6d
cc28d955d644e620f7402dfd4628e4b2df83c421	0329e175c6c8b91b72815ace65166cbef165f502
1890e47a91a0791ac86de48e2d3cf152b3584a4e	9c659ea4e4bdf41b42ad781371da731782ab5e3f
e799aeb76ef9c408c13669f9e2d3ed3f4c932abd	f6bf9c9d7e9bc29c4b91f4f82e3130922e0ec784
c0ae9bf1c529d3e8174b2f75ed681d7375346449	6d52d253d856df6e640a297407ddbcd9b134c28a
9a105ee661609b70c4278cbd3851d43b1cb1bb5d	7a0a74222bc62ae1faa5d8e36bb4dad34adaf0c8
f5a2d1eac6024148c13795193fbaae4b12f8cdd4	2ed074eb846ff60486bc0a853ed6d2386ea51bfe
47450bcb2fbc254bb53a9a21b8711869e2e5e001	2d2a10320de265c0d7f29812e5bc7b6d9c9eb7e7
f041fbc1f01328e8a3406fea3a025213b77e8878	4d39617bc742aa647c53b96abe45226db4a49167
a95c19315429d723b226c2b8b0c136ba8ef2b43a	ed8d4c26cfbaec5ed1029bf2bb9755107ac9e247
2a2c43230533c588f31862c3f3a96a1e42e9594f	98429246bf3ba590bcc0295eaec1f9868c000d0d
c9a8764439513d600ed2a4a938ba8ca1658addc9	d7f314716d0b4f5c4b7d52b6523e9e29d427ff51
bf36530c82143f04f6a7f606c9c02966de19c303	1867180095711a64cf97f407444dddbc1fe2b12a
758b4fdcde8417b5581d4a0d0113c494aa959ce3	33166fe03b61160ccaae9a44d02f1b9cd22eeae0
b61559557a1eda62eec42aa7d253c35522f61b23	10e7eda2829b2f2510358f5d6ca0fb4f127bdb64
a54f97667b4b2942b9d919cb33f4d77a86cc863b	603d65c1fc3dc854cb7a5af3497eb80dc8fb0f88
d0a6fcafe1c9b4a08bf9d6c3737091fdc0a4afa2	997c6681170c25cbd3061b4c20bae7dc392a62fa
0aed1dcad83726cbe1df1822256a4825f77c80a4	f1d50bcd5c4865235e918656b6ec76a51a5864d5
6d1aad0fe4df7ec904ee10f855f2ccfced308b78	cde136cd1f235119004e9654896dba5a949e2e1d
b85dc60f01c8cc66c9cb6a89a89ebd2b728352cb	4565488cf879d4c372cb1e88a0a684b3dacbd140
67b6a2b4c4d5ae61879bc87d48aee435685993dc	b0a5f26324a96a121cd2c5ef94539d073cd75b7a
1d074133934c5bc0e8aae616437184d27e9787c8	43b0ffc53e1c7e9c7b4017a9cb253074a3da3f60
22a6728aa595a3ffa72bf6fcce825726267ad092	614fef32b50ceda85a9ca1574e7a5c6027325d89
49de8d26e6ca8993c316ed3f7c0d1bc1f5e99651	90a4fee4db8f40ec8ba0511ceb14dcd8572d309c
