474c595d275a28b5c1d25391845dafbd7df5b512	79eeaa23f1b7972f16f8a6aaea9bab2200699f94
1af7fa480de2483bd045fe5028093b7cb96b58ff	6f32789c198f4bb50ab236aa07f8b2a957e27015
22499f04df726db7cf5f7f304634d9d09f279b7c	b922c845988d747129f33ad92dbfc7187f1bc192
24100461bb4aec5bea95ef02a2b4d50af7d7320b	0439d03a45e2a0e0ebe02fb367f61f227775728e
a2a880ef7ac303e9b0933142b36e3a2b68311f3a	4188d63dd7dbfd6f8cfb21dfd7fbd7958caa9527
5a1e5749cb06a197acbc7f62cf8f1d039e37201f	3857b19a8a354ccef197a6c3eff79884c62d163e
0b46a63f37981977c6f9c7f3001e2014b24a23c8	fe36bc7956980c7995d1dffd07439c1a9dd6d879
1d839b9d2b584bbdc15b2b1df5186aa888e31ecd	4634e5cb570c1eee9d8cf58210eae7d533d76c3f
a2fd3c5bf4a3c0d57a1c5ee8859d6df722b222b0	c66b2906084147e500ddbcdae2f18ffc0d87299d
d260d89c59cd7e4072462a7753d614bc2181be44	3946ab2724f0404973512300a656f4d0c70dec40
32af2efb40a2f9d3d05621aefeeab1ae0fdf4d9f	14a842bf7e9a40ee7dc307071d0c00fc7267b843
a4a7c226b3dcc4c4588c10b523560666d7773a7f	5c6959c9a66d07622aff1ac04a89ab72078e6c4a
9e0f1e931a8888b0654b5f3d0518fad070bd3e82	0c4e7d679a8f5f05debb27729b6f2985be6d3e1c
1cbd6780451cc0610f69290bbc101202260e0b23	4b4655c1582fdec14a4a91b49bec48397baf6cad
03c85734a98126df33d06175b93260fe8314767b	1eb96961275a78157c98117e59ea12fb652bc11d
c67844908b84777ed867b689007b309cd6fc1a1c	7c4b0243eacfcee432d81931246f9744096e4c10
85cc2785e4a8cb87ae1194108fac6cf3493587b6	e782b6ffde73e43ec729efa8c001487ada0a1814
befe7a5d7d7e93114a6f777335471557e5f3fd84	6cc11ee977eaab5e5c0ad266ece8c62ef7ebc45a
ab212f0d468536afa818915c02392794b8eb48b5	ed4d4ea8cbf971c8e149b1b972f09a9bc0515be6
3f3f7726ea0dd4b0dcb9e753c09f9207bba133da	7d095bad462121e65fb375093ed2d2d5faf6eab0
4b633b8a01aa7eeb78e1d579a63fbda1b651b835	91e923406fbf5ae35fb252acdb89f193509d9a16
ba7a32a8f9f4e91c7c37b04473832596d53a51f9	7965b546d604eb10a338919b990940d25c3e3061
8eeffb9d53e0833e7c83de0ce5bfb97fa5cc63dc	7809049fc11be9a9dd70d3b4739c49d757472a7e
e3afca8f3d5f0e6fab8f13f3da627f06271c3b3a	b28e3adaad062bc58884e27ec46942c9489c054e
7b227ed69fdd1e5e6ff26b6513c1dd2b1d6dfc0f	2a36345bfa082c13d80f5479f44b2e7eaed2bfab
b00abd116e792e049154dbb615919d3e532484d7	86a4c06bab4921c60624c86aee896dc069bcce5b
54a2b8444ed81778dcb376f9ca832c2d80f0cb58	7a3c1f287c4e680df8fa7181c6ca93d428be88eb
9a3b7a555e7ea7cc989cec41e0e7db56e1db0e7c	aa21f41bb18ca0a8d15f258a71886fa31fbe7c33
1014e5a5c47fc663e33a844cc6b61d2c9d1f0b59	89f9114a1be5db258dc3c6620d37099d69011438
96cfc352fb24a5eb984dfbb7aa2aae036e2b5587	7a7b4f5325a2841acd665041dd06eeaf50477b71
94f2af6592fd56fb73fd6478ddf84c534ab0444f	dd08d67a0a57ecffbf009d307849abe498ab1675
501856637568d8096d5f22e22f8837e777e97376	dc9518db081adc45ed21f221575e29287b77c833
d64fd437ccc664f8dddf5b239df98f9aed178fea	3088a3af4928348764d02b3f36ed7a49256e2b35
1012c643b3dabcdb657097b0251c2ae1c052ae93	fa699f998060cd40f928b333a1f03a0a3b0405a6
630b06fd718d5ab06e62938b847a4cf099e13b35	18ea352cb57a1d850de88272c32f46b42ce33d0d
be2ddd819b74c620c548dc3bbb51b9e1f629ecad	21d6f600c5d4faf7b35e8bc830cac1f2caa0780f
423cbe238f29029ca26edb1cf7bec76c82afa950	483bada5b58f42f405abaf8fce59d157c6af1ab7
e2c8477ba32e0e191ec4121cd2bca6996a2cb2fa	b6c051930b54e7cdb7017fd926a8c7af626c838f
51cfc24d580c23b9fa5775a3f4880d4cbd5cadbc	6ee68ec17f80c580eccac085be07a189bcd25162
5d3d577f830868138af84538269fed06188fb932	8c3687200feaa73c3ab3eff92e36bdaffd75e6b3
4bf3f6cbf98f435d39a55d35ab9fedcdb9b5278d	63c6168dbbbfec85ac1bc4013715ea0b614670c2
7b78229d5d675208100c088925d37fbb6360cd5e	ed8733a2fbbcc1e89e240cda491c9437ec16d181
917b0e2bea684be23a2d271b12d8a6cab17f8b18	221f0e90ee65b05839fe6a7d8d09cc90f6520444
8a5c7ce3a63677d4db8b5df2fcf5f1e6e264c900	1e5eee236fa1e2caf740551b4b94c149b0b8bbf1
584edade07de4e9e76c79ebf155b1242949182fe	536d5f39c0f6f71e0ec476a5829431907b10305c
116f6d198db948f2048cfa635ced7953ddf86bc5	1aca12969bedbb29b147498a0719a37292610701
fbdf1d48e138ee11a6ec0ac9d8903c634b10d76e	dc49a29ffa36772888f50f4a4a72d43e826a6cbc
170ce6151a92645e59bd89455243c655f720f600	f56c3f2ce340517e6b971d11ea9d0f83246bea2f
ac3e752e87fb3067909a4c6ab744a94aa67c7c19	f144d5993b63bae2ec554aa9a52f14c4e6e817b9
1ea75d0dabbe2400a5607af1fd30de74a15d5af3	a8692ed3771680acc8304583a1046ffa187cc34c
a3e44b647fb9315ada1ba06490cdd51b3893406c	8355ed37c295a53aa11fd0e01f30ba4e57890e0e
4c70f2aa23e7129248fdb264dad21ac718a83ad2	03d87d27cbd851eb577d8687506bed90a6bd3b7b
99260e288e09439edf7a2843a59fdb593256aed7	e31b0bbf23e929b2268d62e90c1e6dec3fd35dd6
cdda1ee4904f2e2186287b82c9e00fda0f0cbed7	337621f87128fea8cae5294ce90a5435039f7d69
4a00cf316f7c2da3a7e081ea3a2c644cd24c87ca	b3566ecf519d11ab26dfb122078321ab5ed7a68d
2b8ec034dd3969290da1c17096f1247a6bd2f12b	bc9743eed8a4de33522c9d3f16290d55cb4210d4
7fd5ea7521125754a968971a5dbb0a5b3d1f85ec	de76846c66d66ec615c049a1c611ba70e6428206
3d9179d25ca74018f30b15982825f12d81372978	ed99d4be783696e5c1c5e1bf5b75a70f89e82658
a3437670f992ca40f678da61d9303bca202c9648	fa00aec23c344d7732e178aadd94ac13369f8ddc
2fe146995057ed7877eb14dfceb6286933d7f3f7	d78a933c998f5c5d577c6849d5c492675f50ad86
6a4d184b81f6ff756fd7cfa907612ecc66cc8d0d	330489ff4e1b037ddcca232553b1e7db7d7a7810
d6aec251a561598e57a579fd1a9ac300e5bd9bcf	7e5eb7600c8a859ebe4387707112e0f22c1d24cb
742cdc82b75fd93ea162a034caa1b0a57c8c77a6	d6ed5c55df01a4cdc5f5f6f932f50eb80b7acd56
18b6f13fd5b06e9e557ac7103aa66dd5c0f34466	e8046145249d1d10f8cd6dde2ddb685a0033a4d8
7ef11aca8537cfd6b161fae426d927f5d5fbe749	2fbdb8eb34ab71d256537d5ce990b80fe5a9d413
8c2cbf618b861da320286ef571f30321296acc9e	47a397aa168eb25305bba92eebc1a4932a393b4c
fd98c8e97c3ee1a36c4ab8b77fd073c50e3868d8	4e7af6750a35840f71080568d4910463ccbe9262
b444d38103ebbff4f31006f9b13252d4fcd50585	319a6dbc35f9eacae0afb61f4a71055a210de676
f0c8ef83f089a886fba46929f34c9e5b0970eb06	80dbca9c15f65b9ee3b1a7b31f91ba7427541895
70dee810c956d8e4ac5a0863fb1e62c3cc1d5eb2	243583ade6ed1fd027edacad3e6fc62202877658
430b0e6a5b347e691673c7b0bf5916a1a309ba41	f55c8ea07af56bb6ffddc8181dda21bf7f024d3f
a0593affd5aa2c88c9171cf34ee00d7983bbd2f7	018b28e21241dfdef0ed7b4f6da34af5553a5a87
04ae1d3edc27b86dcffc0715cdc33ccb1e549edb	2500996464cc8d25858c7ed8bf37c1e98f1e813a
c12ed8036dd89eb513ea414fb47760a2a907fcd5	d06608626ad0488d8400633dfb58ce1cdc83929e
204d402e2af3977704f64d66170536fbd6e61c2b	123861ff5aa9788374e9d5dcff6c09d5484963c1
2fc0ce64c73457e0e643ce65013c407149f7f8a1	d8b2eadabff42c526297a39d6ca39240a890276f
71be914537076debf39789ee2416817a3606e9b2	7db0433eb24411fa20eaa9a02da8a57703487794
bd3f71178923f19334a3b4b4591319376c7e1bf5	afffd682dcd381ad80c8513a3d7136c8ad4e4e1b
5b86be0f4b40e5f2c5c6a340e72d0f4b48fd7975	a23459f59efe8afe2c53e3ba323393a484bbca56
5f68d374e163d12f9158f57cd68e7858a5cc0dff	e5f0889b6ea4a54c19f68bef0403510775f7948b
841175d301301723ec2552d336c68c3efa2621ca	5ad587af7fbd5b1b2ceebdf7fa5531b1b452fc75
